Id,LotArea,Utilities,HouseStyle,OverallQual,OverallCond,YearRemodAdd,HeatingQC,KitchenQual,Functional,GarageType,SaleType,SalePrice
1,8450,AllPub,2Story,7,5,2003,Ex,Gd,Typ,Attchd,WD,208500
2,9600,AllPub,1Story,6,8,1976,Ex,TA,Typ,Attchd,WD,181500
3,11250,AllPub,2Story,7,5,2002,Ex,Gd,Typ,Attchd,WD,223500
4,9550,AllPub,2Story,7,5,1970,Gd,Gd,Typ,Detchd,WD,140000
5,14260,AllPub,2Story,8,5,2000,Ex,Gd,Typ,Attchd,WD,250000
6,14115,AllPub,1.5Fin,5,5,1995,Ex,TA,Typ,Attchd,WD,143000
7,10084,AllPub,1Story,8,5,2005,Ex,Gd,Typ,Attchd,WD,307000
8,10382,AllPub,2Story,7,6,1973,Ex,TA,Typ,Attchd,WD,200000
9,6120,AllPub,1.5Fin,7,5,1950,Gd,TA,Min1,Detchd,WD,129900
10,7420,AllPub,1.5Unf,5,6,1950,Ex,TA,Typ,Attchd,WD,118000
11,11200,AllPub,1Story,5,5,1965,Ex,TA,Typ,Detchd,WD,129500
12,11924,AllPub,2Story,9,5,2006,Ex,Ex,Typ,BuiltIn,New,345000
13,12968,AllPub,1Story,5,6,1962,TA,TA,Typ,Detchd,WD,144000
14,10652,AllPub,1Story,7,5,2007,Ex,Gd,Typ,Attchd,New,279500
15,10920,AllPub,1Story,6,5,1960,TA,TA,Typ,Attchd,WD,157000
16,6120,AllPub,1.5Unf,7,8,2001,Ex,TA,Typ,Detchd,WD,132000
17,11241,AllPub,1Story,6,7,1970,Ex,TA,Typ,Attchd,WD,149000
18,10791,AllPub,1Story,4,5,1967,TA,TA,Typ,CarPort,WD,90000
19,13695,AllPub,1Story,5,5,2004,Ex,Gd,Typ,Detchd,WD,159000
20,7560,AllPub,1Story,5,6,1965,TA,TA,Min1,Attchd,COD,139000
21,14215,AllPub,2Story,8,5,2006,Ex,Gd,Typ,BuiltIn,New,325300
22,7449,AllPub,1.5Unf,7,7,1950,Ex,Gd,Typ,Attchd,WD,139400
23,9742,AllPub,1Story,8,5,2002,Ex,Gd,Typ,Attchd,WD,230000
24,4224,AllPub,1Story,5,7,1976,TA,TA,Typ,Attchd,WD,129900
25,8246,AllPub,1Story,5,8,2001,Ex,Gd,Typ,Attchd,WD,154000
26,14230,AllPub,1Story,8,5,2007,Ex,Gd,Typ,Attchd,WD,256300
27,7200,AllPub,1Story,5,7,2000,TA,Gd,Typ,Detchd,WD,134800
28,11478,AllPub,1Story,8,5,2008,Ex,Gd,Typ,Attchd,WD,306000
29,16321,AllPub,1Story,5,6,1997,TA,TA,Typ,Attchd,WD,207500
30,6324,AllPub,1Story,4,6,1950,Fa,Fa,Typ,Detchd,WD,68500
31,8500,AllPub,2Story,4,4,1950,TA,TA,Typ,Detchd,WD,40000
32,8544,AllPub,1Story,5,6,2006,Gd,Gd,Typ,Attchd,WD,149350
33,11049,AllPub,1Story,8,5,2007,Ex,Gd,Typ,Attchd,WD,179900
34,10552,AllPub,1Story,5,5,1959,Gd,Gd,Typ,Attchd,WD,165500
35,7313,AllPub,1Story,9,5,2005,Ex,Ex,Typ,Attchd,WD,277500
36,13418,AllPub,2Story,8,5,2005,Ex,Gd,Typ,BuiltIn,WD,309000
37,10859,AllPub,1Story,5,5,1995,Ex,TA,Typ,Attchd,WD,145000
38,8532,AllPub,1Story,5,6,1990,Gd,TA,Typ,Attchd,WD,153000
39,7922,AllPub,1Story,5,7,2007,TA,Gd,Typ,Detchd,WD,109000
40,6040,AllPub,1Story,4,5,1955,TA,Fa,Typ,NA,WD,82000
41,8658,AllPub,1Story,6,5,1965,Ex,TA,Typ,Attchd,WD,160000
42,16905,AllPub,1Story,5,6,1959,Gd,TA,Typ,Attchd,WD,170000
43,9180,AllPub,SFoyer,5,7,1983,Gd,Gd,Typ,Attchd,WD,144000
44,9200,AllPub,1Story,5,6,1980,TA,TA,Typ,Detchd,WD,130250
45,7945,AllPub,1Story,5,6,1959,Ex,TA,Typ,Attchd,WD,141000
46,7658,AllPub,1Story,9,5,2005,Ex,Ex,Typ,Attchd,WD,319900
47,12822,AllPub,1.5Fin,7,5,2003,Ex,Gd,Typ,Attchd,WD,239686
48,11096,AllPub,1Story,8,5,2006,Ex,Gd,Typ,Attchd,WD,249700
49,4456,AllPub,2Story,4,5,2008,Gd,TA,Typ,NA,New,113000
50,7742,AllPub,1Story,5,7,1966,Ex,TA,Typ,Attchd,WD,127000
51,13869,AllPub,2Story,6,6,1997,Gd,TA,Typ,Attchd,WD,177000
52,6240,AllPub,1.5Fin,6,6,1950,TA,TA,Typ,Detchd,WD,114500
53,8472,AllPub,1Story,5,5,1963,TA,TA,Typ,CarPort,WD,110000
54,50271,AllPub,1Story,9,5,1987,Gd,Gd,Typ,Attchd,WD,385000
55,7134,AllPub,SLvl,5,5,1955,TA,TA,Min1,Detchd,WD,130000
56,10175,AllPub,1Story,6,5,1964,Gd,TA,Typ,Attchd,WD,180500
57,2645,AllPub,2Story,8,5,2000,Ex,Gd,Typ,Attchd,WD,172500
58,11645,AllPub,2Story,7,5,2004,Ex,Gd,Typ,Attchd,WD,196500
59,13682,AllPub,2Story,10,5,2006,Ex,Gd,Typ,BuiltIn,New,438780
60,7200,AllPub,1Story,5,7,1972,Ex,TA,Typ,Detchd,WD,124900
61,13072,AllPub,1Story,6,5,2004,Ex,Gd,Typ,Detchd,New,158000
62,7200,AllPub,2.5Unf,5,7,1996,TA,Fa,Typ,Detchd,WD,101000
63,6442,AllPub,1Story,8,5,2006,Ex,Gd,Typ,Attchd,WD,202500
64,10300,AllPub,2Story,7,6,1950,Gd,TA,Typ,Detchd,WD,140000
65,9375,AllPub,2Story,7,5,1998,Ex,Gd,Typ,Attchd,WD,219500
66,9591,AllPub,2Story,8,5,2005,Ex,Gd,Typ,BuiltIn,WD,317000
67,19900,AllPub,1Story,7,5,1989,TA,TA,Min1,Attchd,WD,180000
68,10665,AllPub,1Story,7,5,2003,Ex,Gd,Typ,Attchd,WD,226000
69,4608,AllPub,1Story,4,6,1950,TA,TA,Typ,Attchd,WD,80000
70,15593,AllPub,1.5Fin,7,4,1953,TA,TA,Typ,Attchd,WD,225000
71,13651,AllPub,1Story,7,6,1973,Ex,TA,Typ,Attchd,WD,244000
72,7599,AllPub,1Story,4,6,2006,TA,TA,Typ,Detchd,WD,129500
73,10141,AllPub,2Story,7,5,1998,Gd,TA,Typ,Attchd,WD,185000
74,10200,AllPub,1Story,5,7,2003,Gd,TA,Typ,Attchd,WD,144900
75,5790,AllPub,2Story,3,6,1950,Gd,TA,Typ,Detchd,WD,107400
76,1596,AllPub,SLvl,4,5,1973,TA,TA,Typ,BuiltIn,WD,91000
77,8475,AllPub,1Story,4,7,1956,Ex,TA,Typ,Detchd,WD,135750
78,8635,AllPub,1.5Fin,5,5,2001,TA,TA,Min1,Detchd,WD,127000
79,10778,AllPub,1Story,4,5,1968,TA,TA,Typ,NA,WD,136500
80,10440,AllPub,2Story,5,6,1981,Gd,TA,Typ,Detchd,WD,110000
81,13000,AllPub,2Story,6,6,1968,TA,Gd,Typ,Attchd,WD,193500
82,4500,AllPub,1Story,6,5,1998,Ex,TA,Typ,Attchd,WD,153500
83,10206,AllPub,1Story,8,5,2007,Ex,Gd,Typ,Attchd,WD,245000
84,8892,AllPub,1Story,5,5,1960,Gd,TA,Typ,Detchd,COD,126500
85,8530,AllPub,SLvl,7,5,1996,Gd,TA,Typ,BuiltIn,WD,168500
86,16059,AllPub,2Story,8,5,1992,Ex,Gd,Typ,Attchd,WD,260000
87,11911,AllPub,2Story,6,5,2005,Ex,Gd,Typ,BuiltIn,WD,174000
88,3951,AllPub,2Story,6,5,2009,Ex,Gd,Typ,Detchd,New,164500
89,8470,AllPub,1.5Fin,3,2,1982,TA,Fa,Typ,NA,ConLD,85000
90,8070,AllPub,1Story,4,5,1995,Ex,TA,Typ,NA,WD,123600
91,7200,AllPub,1Story,4,5,1950,TA,TA,Typ,Detchd,WD,109900
92,8500,AllPub,1Story,5,3,1961,TA,TA,Typ,Attchd,WD,98600
93,13360,AllPub,1Story,5,7,2006,Ex,TA,Typ,Detchd,WD,163500
94,7200,AllPub,2.5Unf,6,6,1998,Ex,TA,Typ,Detchd,WD,133900
95,9337,AllPub,2Story,6,5,1997,Ex,Gd,Typ,Attchd,WD,204750
96,9765,AllPub,2Story,6,8,1993,Gd,TA,Typ,BuiltIn,WD,185000
97,10264,AllPub,1Story,7,5,1999,Ex,Gd,Typ,Attchd,WD,214000
98,10921,AllPub,1Story,4,5,1965,TA,TA,Typ,Attchd,WD,94750
99,10625,AllPub,1Story,5,5,1950,Fa,TA,Typ,Basment,COD,83000
100,9320,AllPub,1Story,4,5,1959,Fa,TA,Typ,NA,WD,128950
101,10603,AllPub,1Story,6,7,2001,Gd,Gd,Typ,Attchd,WD,205000
102,9206,AllPub,2Story,6,5,1985,TA,Gd,Typ,Attchd,WD,178000
103,7018,AllPub,1Story,5,5,1979,TA,TA,Typ,Attchd,WD,118964
104,10402,AllPub,1Story,7,5,2009,Ex,Gd,Typ,Attchd,WD,198900
105,7758,AllPub,1.5Fin,7,4,1950,Ex,TA,Typ,Detchd,WD,169500
106,9375,AllPub,2Story,8,5,2004,Ex,Gd,Typ,Attchd,WD,250000
107,10800,AllPub,1Story,4,7,1995,Gd,TA,Typ,Detchd,WD,100000
108,6000,AllPub,1Story,5,5,1950,Ex,TA,Typ,Detchd,WD,115000
109,8500,AllPub,1.5Fin,5,7,2005,TA,Fa,Typ,NA,WD,115000
110,11751,AllPub,1Story,6,6,1977,Ex,TA,Typ,Attchd,COD,190000
111,9525,AllPub,1.5Fin,6,4,1972,Gd,TA,Typ,Attchd,WD,136900
112,7750,AllPub,SLvl,7,5,2000,Ex,TA,Typ,BuiltIn,WD,180000
113,9965,AllPub,2Story,7,5,2007,Ex,Ex,Typ,BuiltIn,New,383970
114,21000,AllPub,1Story,6,5,1953,TA,Gd,Typ,Basment,COD,217000
115,7259,AllPub,2Story,6,8,2002,Ex,Gd,Typ,Detchd,WD,259500
116,3230,AllPub,2Story,6,5,1999,Gd,TA,Typ,Detchd,WD,176000
117,11616,AllPub,1Story,5,5,1962,TA,TA,Typ,Attchd,WD,139000
118,8536,AllPub,1Story,5,5,2007,Gd,TA,Typ,Attchd,New,155000
119,12376,AllPub,2Story,7,5,1990,Gd,Gd,Typ,Attchd,WD,320000
120,8461,AllPub,2Story,6,5,2006,Ex,Gd,Typ,Attchd,New,163990
121,21453,AllPub,SLvl,6,5,1969,Ex,TA,Typ,Attchd,WD,180000
122,6060,AllPub,1.5Fin,4,5,1950,Gd,TA,Typ,Detchd,WD,100000
123,9464,AllPub,1Story,6,7,1958,Gd,TA,Typ,Attchd,WD,136000
124,7892,AllPub,1Story,6,5,1993,Ex,Gd,Typ,Attchd,WD,153900
125,17043,AllPub,1Story,6,5,1998,TA,TA,Typ,Attchd,WD,181000
126,6780,AllPub,1.5Fin,6,8,1982,Gd,TA,Typ,NA,WD,84500
127,4928,AllPub,1Story,6,5,1976,TA,TA,Typ,Attchd,WD,128000
128,4388,AllPub,1.5Unf,5,7,1950,Ex,TA,Typ,NA,WD,87000
129,7590,AllPub,2Story,6,5,1966,TA,TA,Typ,Attchd,WD,155000
130,8973,AllPub,1Story,5,7,1991,TA,Ex,Typ,2Types,WD,150000
131,14200,AllPub,2Story,7,6,1966,Ex,Gd,Typ,Attchd,WD,226000
132,12224,AllPub,2Story,6,5,2000,Ex,Gd,Typ,BuiltIn,WD,244000
133,7388,AllPub,1Story,5,6,2002,Gd,Gd,Typ,Detchd,WD,150750
134,6853,AllPub,1Story,8,5,2002,Ex,Gd,Typ,Attchd,WD,220000
135,10335,AllPub,1Story,5,6,1993,Gd,TA,Min1,Attchd,WD,180000
136,10400,AllPub,1Story,7,6,1970,Gd,TA,Typ,Attchd,WD,174000
137,10355,AllPub,1Story,5,5,1967,TA,TA,Typ,Attchd,WD,143000
138,11070,AllPub,1Story,7,5,1989,Gd,TA,Typ,2Types,WD,171000
139,9066,AllPub,2Story,8,5,2000,Ex,Gd,Typ,Attchd,WD,230000
140,15426,AllPub,2Story,6,5,1997,Ex,Gd,Typ,Attchd,WD,231500
141,10500,AllPub,1Story,4,5,1971,TA,TA,Typ,NA,ConLI,115000
142,11645,AllPub,1Story,7,5,2005,Ex,Gd,Typ,Attchd,WD,260000
143,8520,AllPub,1.5Fin,5,4,1952,Fa,TA,Typ,Detchd,WD,166000
144,10335,AllPub,1Story,7,5,1999,Ex,Gd,Typ,Attchd,WD,204000
145,9100,AllPub,1Story,5,5,1963,TA,TA,Typ,Detchd,ConLI,125000
146,2522,AllPub,2Story,6,5,2006,Ex,Gd,Maj1,Detchd,WD,130000
147,6120,AllPub,1Story,5,7,1993,TA,TA,Typ,Detchd,WD,105000
148,9505,AllPub,2Story,7,5,2001,Ex,Gd,Typ,BuiltIn,WD,222500
149,7500,AllPub,1Story,7,5,2005,Ex,Gd,Typ,NA,WD,141000
150,6240,AllPub,1.5Fin,5,4,1950,Gd,TA,Typ,Detchd,WD,115000
151,10356,AllPub,1Story,5,6,1975,TA,TA,Typ,Attchd,WD,122000
152,13891,AllPub,1Story,8,5,2008,Ex,Gd,Typ,Attchd,New,372402
153,14803,AllPub,2Story,6,5,1971,Gd,TA,Typ,Attchd,WD,190000
154,13500,AllPub,1Story,6,7,1975,Gd,TA,Typ,Attchd,WD,235000
155,11340,AllPub,1Story,6,5,1950,TA,TA,Typ,Detchd,WD,125000
156,9600,AllPub,1.5Fin,6,5,1950,Fa,TA,Typ,NA,WD,79000
157,7200,AllPub,1Story,5,7,1950,TA,TA,Typ,Detchd,WD,109500
158,12003,AllPub,2Story,8,5,2010,Ex,Ex,Typ,BuiltIn,New,269500
159,12552,AllPub,2Story,7,5,2005,Ex,Gd,Typ,Attchd,WD,254900
160,19378,AllPub,2Story,7,5,2006,Ex,Gd,Typ,Attchd,New,320000
161,11120,AllPub,1Story,6,6,1984,TA,TA,Typ,Attchd,WD,162500
162,13688,AllPub,2Story,9,5,2004,Ex,Ex,Typ,BuiltIn,WD,412500
163,12182,AllPub,1Story,7,5,2005,Ex,Gd,Typ,Attchd,New,220000
164,5500,AllPub,1.5Unf,4,6,1956,Ex,TA,Typ,NA,WD,103200
165,5400,AllPub,1Story,6,7,2004,Gd,Gd,Typ,Detchd,WD,152000
166,10106,AllPub,1.5Fin,5,7,1999,Gd,TA,Typ,NA,WD,127500
167,10708,AllPub,1Story,5,5,1993,Ex,TA,Typ,Attchd,COD,190000
168,10562,AllPub,2Story,8,5,2007,Ex,Ex,Typ,Attchd,New,325624
169,8244,AllPub,2Story,7,5,2004,Ex,Gd,Typ,Attchd,WD,183500
170,16669,AllPub,1Story,8,6,1981,TA,TA,Typ,Attchd,WD,228000
171,12358,AllPub,1.5Fin,5,6,1950,TA,TA,Typ,Detchd,WD,128500
172,31770,AllPub,1Story,6,5,1960,Fa,TA,Typ,Attchd,WD,215000
173,5306,AllPub,2Story,7,7,1987,Gd,Gd,Typ,Attchd,WD,239000
174,10197,AllPub,1Story,6,5,1961,TA,TA,Typ,Attchd,COD,163000
175,12416,AllPub,1Story,6,5,1986,TA,TA,Min2,Attchd,WD,184000
176,12615,AllPub,1Story,6,7,2001,TA,Gd,Typ,Attchd,WD,243000
177,10029,AllPub,2Story,6,5,1989,TA,TA,Typ,Attchd,WD,211000
178,13650,AllPub,1.5Fin,5,5,1958,Ex,Gd,Typ,Attchd,WD,172500
179,17423,AllPub,1Story,9,5,2009,Ex,Ex,Typ,Attchd,New,501837
180,8520,AllPub,1Story,5,6,2006,TA,TA,Typ,Detchd,WD,100000
181,2117,AllPub,2Story,6,5,2000,Ex,Gd,Typ,Detchd,WD,177000
182,7588,AllPub,2Story,7,6,1950,Gd,TA,Typ,Detchd,WD,200100
183,9060,AllPub,1Story,5,6,2006,Ex,TA,Typ,Attchd,WD,120000
184,11426,AllPub,1.5Fin,7,5,2003,Ex,Gd,Mod,Detchd,WD,200000
185,7438,AllPub,1.5Fin,5,8,1991,Gd,TA,Typ,Attchd,WD,127000
186,22950,AllPub,2.5Fin,10,9,1993,Ex,Ex,Typ,Detchd,WD,475000
187,9947,AllPub,SLvl,7,5,1991,Ex,Gd,Typ,Attchd,WD,173000
188,10410,AllPub,1.5Fin,5,7,1987,Ex,TA,Min2,Detchd,WD,135000
189,7018,AllPub,SFoyer,5,5,1979,TA,TA,Typ,Detchd,WD,153337
190,4923,AllPub,1Story,8,5,2002,Ex,Ex,Typ,Attchd,WD,286000
191,10570,AllPub,2Story,8,8,1994,TA,Gd,Maj1,Detchd,WD,315000
192,7472,AllPub,2Story,7,9,2004,Gd,Gd,Typ,Attchd,WD,184000
193,9017,AllPub,1Story,7,5,1999,Ex,Gd,Typ,Attchd,WD,192000
194,2522,AllPub,2Story,7,5,2004,Ex,Gd,Maj1,Detchd,WD,130000
195,7180,AllPub,1Story,5,7,1972,TA,TA,Typ,Detchd,WD,127000
196,2280,AllPub,2Story,6,6,1976,TA,TA,Typ,Attchd,WD,148500
197,9416,AllPub,1Story,7,5,2007,Ex,Ex,Typ,Attchd,New,311872
198,25419,AllPub,2Story,8,4,1990,Gd,Gd,Typ,Detchd,WD,235000
199,5520,AllPub,2.5Fin,6,6,1950,Ex,TA,Typ,NA,WD,104000
200,9591,AllPub,1Story,8,5,2005,Ex,Ex,Typ,Attchd,WD,274900
201,8546,AllPub,1Story,4,5,2004,Ex,TA,Typ,Attchd,WD,140000
202,10125,AllPub,1Story,6,6,1977,TA,TA,Typ,Detchd,WD,171500
203,7000,AllPub,1.5Fin,6,6,1950,Gd,TA,Min1,Attchd,COD,112000
204,4438,AllPub,1Story,6,5,2004,Ex,Gd,Typ,Attchd,WD,149000
205,3500,AllPub,1.5Fin,5,7,1950,TA,TA,Typ,Detchd,WD,110000
206,11851,AllPub,1Story,7,5,1990,Ex,TA,Typ,Attchd,WD,180500
207,13673,AllPub,1Story,5,5,1962,TA,TA,Min2,Attchd,WD,143900
208,12493,AllPub,1Story,4,5,1960,TA,TA,Typ,Attchd,WD,141000
209,14364,AllPub,2Story,7,5,1989,Ex,TA,Typ,Attchd,WD,277000
210,8250,AllPub,1Story,6,7,1964,Ex,TA,Typ,Attchd,WD,145000
211,5604,AllPub,1Story,5,6,1950,TA,TA,Typ,NA,WD,98000
212,10420,AllPub,1Story,6,5,2009,Ex,Gd,Typ,Attchd,WD,186000
213,8640,AllPub,2Story,7,5,2009,Ex,Gd,Typ,Attchd,New,252678
214,13568,AllPub,1Story,5,5,1995,Ex,TA,Typ,Attchd,WD,156000
215,10900,AllPub,2Story,6,7,1977,Ex,TA,Typ,Attchd,WD,161750
216,10011,AllPub,1Story,5,6,1996,TA,Gd,Min1,Attchd,WD,134450
217,8450,AllPub,1Story,7,5,2004,Ex,Gd,Typ,Attchd,WD,210000
218,9906,AllPub,2Story,4,4,1950,Fa,TA,Typ,Detchd,WD,107000
219,15660,AllPub,1.5Fin,7,9,2006,Ex,Gd,Typ,Attchd,WD,311500
220,3010,AllPub,1Story,7,5,2006,Ex,Gd,Typ,Attchd,New,167240
221,8990,AllPub,1Story,7,5,2006,Ex,Gd,Typ,Attchd,New,204900
222,8068,AllPub,2Story,6,5,2002,Ex,Gd,Typ,BuiltIn,ConLI,200000
223,11475,AllPub,2Story,6,6,1975,TA,TA,Typ,Attchd,WD,179900
224,10500,AllPub,1Story,4,6,1971,Gd,TA,Typ,Detchd,WD,97000
225,13472,AllPub,1Story,10,5,2003,Ex,Ex,Typ,Attchd,WD,386250
226,1680,AllPub,2Story,5,5,1971,TA,TA,Typ,Detchd,COD,112000
227,9950,AllPub,2Story,7,5,1995,Ex,Gd,Typ,Attchd,WD,290000
228,1869,AllPub,2Story,6,6,1970,TA,TA,Typ,Detchd,WD,106000
229,8521,AllPub,1Story,5,5,1967,TA,TA,Typ,Detchd,WD,125000
230,3182,AllPub,1Story,7,5,2006,Ex,Gd,Typ,Attchd,WD,192500
231,8760,AllPub,1Story,6,6,1959,TA,TA,Typ,Attchd,WD,148000
232,15138,AllPub,2Story,8,5,1996,Ex,Ex,Typ,Attchd,WD,403000
233,1680,AllPub,2Story,6,5,1972,TA,TA,Typ,Attchd,WD,94500
234,10650,AllPub,1Story,5,6,1976,TA,TA,Typ,Attchd,WD,128200
235,7851,AllPub,2Story,6,5,2002,Ex,Gd,Typ,BuiltIn,WD,216500
236,1680,AllPub,2Story,6,3,1971,TA,TA,Typ,Detchd,WD,89500
237,8773,AllPub,1Story,7,5,2004,Ex,Gd,Typ,Attchd,WD,185500
238,9453,AllPub,2Story,7,7,2003,Ex,Gd,Typ,Attchd,WD,194500
239,12030,AllPub,1Story,8,5,2007,Ex,Gd,Typ,Attchd,New,318000
240,8741,AllPub,1.5Fin,6,4,1950,TA,TA,Typ,Detchd,WD,113000
241,9000,AllPub,1Story,8,5,2008,Ex,Gd,Typ,Attchd,WD,262500
242,3880,AllPub,1Story,5,9,1997,Gd,Gd,Typ,NA,WD,110500
243,5000,AllPub,1.5Fin,5,4,1950,Gd,TA,Typ,Attchd,WD,79000
244,10762,AllPub,2Story,6,6,1980,TA,TA,Typ,Attchd,WD,120000
245,8880,AllPub,2Story,7,5,2002,Ex,Gd,Typ,Attchd,WD,205000
246,10400,AllPub,1Story,7,5,1988,Gd,TA,Typ,Attchd,WD,241500
247,9142,AllPub,2Story,6,8,1950,Gd,Fa,Typ,Detchd,WD,137000
248,11310,AllPub,1Story,6,5,1954,Ex,TA,Typ,Attchd,WD,140000
249,11317,AllPub,2Story,7,5,2003,Ex,Gd,Typ,Attchd,WD,180000
250,159000,AllPub,1.5Fin,6,7,2006,Gd,Gd,Typ,Attchd,WD,277000
251,5350,AllPub,1Story,3,2,1966,Ex,Fa,Mod,NA,WD,76500
252,4750,AllPub,1Story,8,5,2007,Ex,Gd,Typ,Attchd,WD,235000
253,8366,AllPub,2Story,6,5,2004,Ex,Gd,Typ,Attchd,WD,173000
254,9350,AllPub,SLvl,6,7,1991,Ex,Gd,Min1,Attchd,CWD,158000
255,8400,AllPub,1Story,5,6,1957,TA,TA,Typ,Attchd,WD,145000
256,8738,AllPub,2Story,7,5,1999,Ex,Gd,Typ,BuiltIn,WD,230000
257,8791,AllPub,2Story,6,5,2003,Ex,Gd,Typ,Attchd,WD,207500
258,8814,AllPub,1Story,7,5,2006,Ex,Gd,Typ,Attchd,WD,220000
259,12435,AllPub,2Story,7,5,2001,Ex,Gd,Typ,Attchd,WD,231500
260,12702,AllPub,1Story,5,5,1956,Gd,TA,Typ,Detchd,WD,97000
261,19296,AllPub,SLvl,6,5,1962,TA,TA,Typ,Attchd,WD,176000
262,9588,AllPub,2Story,8,5,2007,Ex,Ex,Typ,BuiltIn,New,276000
263,8471,AllPub,SLvl,6,7,1995,TA,TA,Typ,Attchd,WD,151000
264,5500,AllPub,1.5Fin,5,7,2001,TA,TA,Typ,Detchd,WD,130000
265,5232,AllPub,1Story,5,5,2004,Gd,TA,Typ,Detchd,WD,73000
266,12090,AllPub,1Story,6,6,1981,TA,Gd,Typ,Attchd,WD,175500
267,11207,AllPub,2Story,6,5,1997,Gd,TA,Typ,Attchd,WD,185000
268,8400,AllPub,2.5Fin,5,8,1997,Ex,Gd,Typ,Detchd,WD,179500
269,6900,AllPub,1Story,5,6,1955,Ex,TA,Typ,Detchd,WD,120500
270,7917,AllPub,1Story,6,7,1976,TA,TA,Typ,Attchd,WD,148000
271,10728,AllPub,2Story,8,5,2006,Gd,Gd,Typ,Attchd,New,266000
272,39104,AllPub,1Story,7,7,2005,Ex,TA,Mod,Attchd,WD,241500
273,11764,AllPub,2Story,8,7,2007,Ex,Gd,Typ,Attchd,WD,290000
274,9600,AllPub,1Story,6,6,1988,Gd,TA,Min1,Attchd,WD,139000
275,8314,AllPub,1Story,5,7,1982,TA,TA,Typ,Attchd,WD,124500
276,7264,AllPub,1.5Fin,7,7,2007,Gd,Ex,Typ,Detchd,WD,205000
277,9196,AllPub,1Story,7,5,2003,Ex,Gd,Typ,Attchd,WD,201000
278,19138,AllPub,1Story,4,5,1951,Ex,TA,Typ,Detchd,WD,141000
279,14450,AllPub,1Story,9,5,2007,Ex,Ex,Typ,Attchd,New,415298
280,10005,AllPub,2Story,7,5,1977,Ex,TA,Typ,Attchd,WD,192000
281,11287,AllPub,2Story,7,6,1989,Gd,Gd,Typ,Attchd,WD,228500
282,7200,AllPub,1Story,6,5,2006,Gd,Gd,Typ,Attchd,New,185000
283,5063,AllPub,1Story,7,5,2008,Ex,Gd,Typ,Attchd,ConLw,207500
284,9612,AllPub,1Story,8,5,2009,Ex,Gd,Typ,Attchd,New,244600
285,8012,AllPub,1Story,6,5,1992,Gd,Gd,Typ,Attchd,WD,179200
286,4251,AllPub,2Story,7,5,2007,Ex,Gd,Typ,Detchd,New,164700
287,9786,AllPub,1.5Fin,6,7,1981,TA,Gd,Typ,Attchd,WD,159000
288,8125,AllPub,1Story,4,4,1971,TA,TA,Typ,NA,WD,88000
289,9819,AllPub,1Story,5,5,1967,TA,TA,Typ,Detchd,WD,122000
290,8730,AllPub,2Story,6,7,2003,Ex,TA,Typ,Detchd,WD,153575
291,15611,AllPub,2Story,8,5,2006,Ex,Gd,Typ,Attchd,New,233230
292,5687,AllPub,2Story,5,6,2000,Ex,Fa,Typ,NA,WD,135900
293,11409,AllPub,1.5Fin,5,4,2008,Gd,TA,Min2,Attchd,WD,131000
294,16659,AllPub,2Story,7,7,1994,Fa,Gd,Typ,Attchd,WD,235000
295,9600,AllPub,1Story,6,5,1953,TA,TA,Typ,Attchd,WD,167000
296,7937,AllPub,SLvl,6,6,1984,TA,TA,Typ,Detchd,WD,142500
297,13710,AllPub,1.5Fin,5,5,1950,TA,TA,Typ,Attchd,WD,152000
298,7399,AllPub,2Story,7,5,1998,Ex,Gd,Typ,Detchd,WD,239000
299,11700,AllPub,2Story,6,6,1968,Gd,TA,Typ,Attchd,WD,175000
300,14000,AllPub,1Story,6,8,2004,Ex,Gd,Typ,Attchd,WD,158500
301,15750,AllPub,1Story,5,5,1953,TA,TA,Typ,Attchd,WD,157000
302,16226,AllPub,2Story,8,5,1999,Ex,Gd,Typ,BuiltIn,WD,267000
303,13704,AllPub,1Story,7,5,2002,Ex,Gd,Typ,Attchd,WD,205000
304,9800,AllPub,1Story,5,7,1972,TA,TA,Typ,Attchd,WD,149900
305,18386,AllPub,2.5Fin,7,9,2002,Ex,Gd,Typ,Attchd,WD,295000
306,10386,AllPub,1Story,8,5,2005,Ex,Gd,Typ,Attchd,WD,305900
307,13474,AllPub,2Story,7,5,1991,Gd,Gd,Typ,Attchd,WD,225000
308,7920,AllPub,1.5Fin,6,7,1950,TA,Fa,Typ,NA,WD,89500
309,12342,AllPub,1Story,4,5,1950,Ex,TA,Typ,Detchd,WD,82500
310,12378,AllPub,1Story,9,5,2004,Ex,Ex,Typ,Attchd,WD,360000
311,7685,AllPub,2Story,6,5,1994,Gd,Gd,Typ,Attchd,WD,165600
312,8000,AllPub,1Story,6,6,2002,Ex,TA,Typ,Detchd,WD,132000
313,7800,AllPub,1.5Fin,5,7,1950,TA,TA,Typ,Detchd,WD,119900
314,215245,AllPub,1Story,7,5,1965,TA,TA,Typ,Attchd,WD,375000
315,9600,AllPub,2Story,7,7,1990,Ex,Ex,Typ,Detchd,WD,178000
316,7795,AllPub,2Story,7,5,2005,Ex,Gd,Typ,Attchd,WD,188500
317,13005,AllPub,2Story,7,7,1980,TA,Ex,Typ,Attchd,WD,260000
318,9000,AllPub,2Story,8,5,2006,Ex,Gd,Typ,Attchd,WD,270000
319,9900,AllPub,2Story,7,5,1993,Ex,Gd,Typ,Attchd,WD,260000
320,14115,AllPub,SLvl,7,5,1980,TA,TA,Typ,Attchd,WD,187500
321,16259,AllPub,2Story,9,5,2006,Ex,Gd,Typ,Attchd,New,342643
322,12099,AllPub,2Story,8,5,2004,Ex,Gd,Typ,BuiltIn,WD,354000
323,10380,AllPub,2Story,7,5,1987,Ex,Gd,Typ,Attchd,WD,301000
324,5820,AllPub,1Story,3,8,2005,Ex,TA,Typ,Attchd,WD,126175
325,11275,AllPub,SLvl,7,7,2007,Ex,Gd,Typ,BuiltIn,WD,242000
326,5000,AllPub,1.5Unf,5,6,1950,Po,TA,Typ,Detchd,WD,87000
327,10846,AllPub,1Story,8,5,1993,Ex,Gd,Typ,Attchd,Con,324000
328,11600,AllPub,1Story,6,5,1960,TA,TA,Typ,Attchd,WD,145250
329,11888,AllPub,2.5Unf,6,6,1994,Gd,Gd,Typ,Detchd,WD,214500
330,6402,AllPub,2Story,5,5,1950,TA,TA,Typ,Detchd,WD,78000
331,10624,AllPub,1Story,5,4,1964,TA,TA,Typ,Detchd,WD,119000
332,8176,AllPub,1Story,5,6,1992,Fa,TA,Typ,Attchd,WD,139000
333,10655,AllPub,1Story,8,5,2004,Ex,Gd,Typ,Attchd,WD,284000
334,8198,AllPub,1Story,7,5,2004,Ex,Gd,Typ,Attchd,WD,207000
335,9042,AllPub,2Story,6,5,1998,Gd,TA,Typ,Attchd,WD,192000
336,164660,AllPub,1.5Fin,5,6,1965,Ex,TA,Typ,Attchd,WD,228950
337,14157,AllPub,1Story,9,5,2006,Ex,Gd,Typ,Attchd,WD,377426
338,9135,AllPub,1Story,7,5,2003,Ex,Gd,Typ,Attchd,WD,214000
339,14145,AllPub,1Story,7,7,1998,Ex,Gd,Typ,Attchd,WD,202500
340,12400,AllPub,1Story,6,7,1998,TA,TA,Typ,Attchd,WD,155000
341,14191,AllPub,2Story,8,5,2002,Ex,Gd,Typ,Attchd,WD,202900
342,8400,AllPub,1Story,4,4,1950,Gd,TA,Typ,CarPort,WD,82000
343,8544,AllPub,1Story,3,4,1950,Fa,TA,Typ,Detchd,WD,87500
344,8849,AllPub,1Story,9,5,2005,Ex,Ex,Typ,Attchd,WD,266000
345,2592,AllPub,2Story,5,3,1976,TA,TA,Typ,Attchd,WD,85000
346,6435,AllPub,1.5Fin,6,5,1950,Gd,Fa,Typ,Detchd,WD,140200
347,12772,AllPub,1Story,6,8,1998,TA,TA,Typ,Attchd,WD,151500
348,17600,AllPub,1Story,6,5,1960,Ex,TA,Typ,Attchd,WD,157500
349,2448,AllPub,2Story,7,5,2004,Ex,Gd,Typ,BuiltIn,WD,154000
350,20431,AllPub,2Story,9,5,2006,Ex,Ex,Typ,Attchd,New,437154
351,7820,AllPub,1Story,9,5,2007,Ex,Ex,Typ,Attchd,New,318061
352,5271,AllPub,1Story,7,5,1986,Gd,Gd,Typ,Attchd,WD,190000
353,9084,AllPub,1.5Fin,5,6,1950,TA,TA,Typ,Detchd,ConLw,95000
354,8520,AllPub,1Story,6,8,2003,Gd,TA,Typ,Detchd,WD,105900
355,8400,AllPub,1.5Fin,6,5,2000,Ex,TA,Typ,Attchd,WD,140000
356,11249,AllPub,1Story,6,5,1995,Ex,Gd,Typ,Attchd,WD,177500
357,9248,AllPub,1Story,6,6,1992,Gd,Gd,Typ,Attchd,WD,173000
358,4224,AllPub,1Story,5,5,1976,TA,TA,Typ,Attchd,WD,134000
359,6930,AllPub,SLvl,5,4,1958,Ex,Gd,Min2,BuiltIn,WD,130000
360,12011,AllPub,2Story,8,5,1998,Ex,Gd,Typ,Attchd,WD,280000
361,7540,AllPub,SFoyer,6,6,1978,Ex,TA,Typ,Attchd,WD,156000
362,9144,AllPub,1.5Fin,5,5,1982,Gd,TA,Typ,Detchd,WD,145000
363,7301,AllPub,SFoyer,7,5,2003,Ex,Gd,Typ,BuiltIn,ConLD,198500
364,1680,AllPub,2Story,6,8,2007,Gd,Gd,Typ,Detchd,WD,118000
365,18800,AllPub,2Story,6,5,1976,TA,TA,Typ,Attchd,WD,190000
366,10690,AllPub,2Story,5,7,1997,Gd,TA,Typ,Detchd,WD,147000
367,9500,AllPub,1Story,6,5,1963,Gd,TA,Typ,Attchd,WD,159000
368,9150,AllPub,SLvl,6,5,1962,Gd,TA,Typ,Basment,WD,165000
369,7800,AllPub,1Story,5,6,1954,Gd,TA,Typ,Attchd,WD,132000
370,9830,AllPub,1Story,5,7,2006,Ex,Gd,Typ,Detchd,WD,162000
371,8121,AllPub,2Story,6,5,2000,Ex,TA,Typ,Attchd,WD,172400
372,17120,AllPub,1.5Fin,4,4,1959,TA,TA,Min2,Detchd,WD,134432
373,7175,AllPub,1Story,6,5,1984,TA,TA,Typ,Attchd,WD,125000
374,10634,AllPub,1Story,5,6,1953,TA,TA,Min2,Attchd,WD,123000
375,8200,AllPub,2Story,7,5,2004,Ex,Gd,Typ,BuiltIn,WD,219500
376,10020,AllPub,1Story,1,1,1950,Gd,Fa,Maj1,NA,WD,61000
377,8846,AllPub,SFoyer,5,5,1996,Ex,TA,Typ,Detchd,WD,148000
378,11143,AllPub,2Story,8,5,2005,Ex,Gd,Typ,Attchd,WD,340000
379,11394,AllPub,1Story,9,2,2010,Ex,Ex,Typ,Attchd,New,394432
380,8123,AllPub,2Story,6,5,2000,Ex,TA,Typ,Attchd,WD,179000
381,5000,AllPub,1.5Fin,5,6,1950,TA,Gd,Typ,Detchd,WD,127000
382,7200,AllPub,1Story,7,5,2006,Ex,Gd,Typ,Attchd,New,187750
383,9245,AllPub,2Story,7,5,2006,Ex,Gd,Typ,Attchd,WD,213500
384,9000,AllPub,1.5Unf,6,3,1950,TA,TA,Typ,Detchd,WD,76000
385,53107,AllPub,2Story,6,5,1992,Ex,Gd,Typ,Attchd,WD,240000
386,3182,AllPub,1Story,8,5,2005,Ex,Gd,Typ,Attchd,WD,192000
387,8410,AllPub,1.5Fin,5,3,1996,TA,TA,Typ,NA,WD,81000
388,7200,AllPub,SLvl,6,6,1976,Ex,TA,Typ,Detchd,WD,125000
389,9382,AllPub,1Story,7,5,2000,Ex,Gd,Typ,Attchd,WD,191000
390,12474,AllPub,2Story,10,5,2008,Ex,Ex,Typ,BuiltIn,New,426000
391,8405,AllPub,1.5Fin,5,8,1950,Ex,TA,Typ,Detchd,WD,119000
392,12209,AllPub,2Story,6,5,2002,Ex,Gd,Typ,BuiltIn,WD,215000
393,8339,AllPub,1Story,5,7,1959,TA,TA,Typ,Attchd,WD,106500
394,7446,AllPub,1Story,4,5,1950,TA,TA,Typ,NA,WD,100000
395,10134,AllPub,1.5Fin,5,6,1950,Gd,TA,Typ,Detchd,WD,109000
396,9571,AllPub,1Story,5,6,1956,TA,TA,Typ,Attchd,WD,129000
397,7200,AllPub,1Story,5,5,1972,TA,TA,Typ,Detchd,WD,123000
398,7590,AllPub,2Story,5,5,1962,TA,TA,Typ,Attchd,WD,169500
399,8967,AllPub,1Story,5,2,1950,Gd,TA,Maj2,Detchd,WD,67000
400,8125,AllPub,2Story,7,5,2007,Ex,Gd,Typ,Attchd,WD,241000
401,14963,AllPub,1Story,8,5,1996,Ex,Ex,Typ,Attchd,WD,245500
402,8767,AllPub,1Story,7,5,2005,Ex,Gd,Typ,Attchd,New,164990
403,10200,AllPub,1Story,5,8,1997,Ex,TA,Typ,Detchd,WD,108000
404,12090,AllPub,2Story,8,5,1998,Gd,Gd,Typ,BuiltIn,WD,258000
405,10364,AllPub,2Story,6,5,1996,Gd,TA,Typ,BuiltIn,WD,168000
406,9991,AllPub,1Story,4,4,1993,Ex,TA,Min1,Attchd,WD,150000
407,10480,AllPub,1.5Fin,6,5,1950,Ex,TA,Maj2,Detchd,WD,115000
408,15576,AllPub,2Story,6,7,1976,Ex,TA,Typ,Attchd,WD,177000
409,14154,AllPub,2Story,7,5,2006,Ex,Gd,Typ,Attchd,New,280000
410,10800,AllPub,2Story,8,5,2008,Ex,Ex,Typ,Attchd,New,339750
411,9571,AllPub,1Story,5,3,1958,TA,TA,Mod,Attchd,COD,60000
412,34650,AllPub,1Story,5,5,1955,TA,TA,Typ,Attchd,WD,145000
413,4403,AllPub,1Story,7,5,2009,Ex,Gd,Typ,Attchd,New,222000
414,8960,AllPub,1Story,5,6,1950,Gd,TA,Typ,Detchd,WD,115000
415,11228,AllPub,2Story,7,5,1993,Ex,Gd,Typ,Attchd,WD,228000
416,8899,AllPub,1Story,7,5,2007,Ex,Gd,Typ,Attchd,New,181134
417,7844,AllPub,2Story,6,7,1978,TA,TA,Typ,Attchd,WD,149500
418,22420,AllPub,2Story,6,6,1950,TA,TA,Typ,Detchd,WD,239000
419,8160,AllPub,1.5Fin,5,6,1950,Fa,TA,Typ,Detchd,WD,126000
420,8450,AllPub,1Story,5,6,1968,Ex,TA,Typ,Attchd,WD,142000
421,7060,AllPub,SFoyer,7,5,1998,Ex,TA,Typ,Attchd,WD,206300
422,16635,AllPub,1Story,6,7,2000,Gd,Gd,Typ,Attchd,WD,215000
423,21750,AllPub,1Story,5,5,1954,Ex,TA,Typ,Attchd,WD,113000
424,9200,AllPub,2Story,8,5,1998,Gd,Gd,Typ,Attchd,WD,315000
425,9000,AllPub,1Story,6,5,1956,Gd,TA,Typ,Attchd,WD,139000
426,3378,AllPub,2Story,7,8,1992,Gd,TA,Typ,Detchd,WD,135000
427,12800,AllPub,SLvl,7,5,1989,Gd,Gd,Typ,Attchd,WD,275000
428,8593,AllPub,1Story,4,6,1957,Ex,TA,Typ,Detchd,WD,109008
429,6762,AllPub,1Story,7,5,2007,Ex,Gd,Typ,Attchd,New,195400
430,11457,AllPub,1Story,6,5,1988,TA,Gd,Typ,Attchd,WD,175000
431,1680,AllPub,2Story,6,5,1971,TA,TA,Typ,Detchd,COD,85400
432,5586,AllPub,1.5Fin,6,7,1998,Gd,TA,Typ,NA,ConLD,79900
433,1920,AllPub,2Story,5,5,1971,Ex,TA,Min1,Detchd,WD,122500
434,10839,AllPub,2Story,6,5,1998,Ex,TA,Typ,Attchd,WD,181000
435,1890,AllPub,SFoyer,4,7,1972,Gd,TA,Typ,NA,WD,81000
436,10667,AllPub,2Story,7,6,1996,Ex,Gd,Typ,Attchd,ConLw,212000
437,4400,AllPub,1.5Fin,6,8,1950,TA,TA,Typ,Detchd,WD,116000
438,6000,AllPub,1.5Unf,6,7,2004,Gd,TA,Typ,Detchd,WD,119000
439,4280,AllPub,1Story,5,6,2002,TA,Gd,Typ,Detchd,WD,90350
440,12354,AllPub,1.5Fin,6,8,2000,Gd,Gd,Typ,Detchd,ConLI,110000
441,15431,AllPub,1Story,10,5,2008,Ex,Ex,Typ,Attchd,WD,555000
442,12108,AllPub,1Story,4,4,1955,TA,Fa,Typ,NA,WD,118000
443,6240,AllPub,1.5Fin,5,7,1992,TA,TA,Typ,Detchd,WD,162900
444,3922,AllPub,1Story,7,5,2007,Ex,Gd,Typ,Attchd,New,172500
445,8750,AllPub,2Story,7,5,1995,Ex,Gd,Typ,Attchd,WD,210000
446,9855,AllPub,1Story,6,5,1956,Fa,TA,Typ,Attchd,COD,127500
447,16492,AllPub,1Story,6,6,2002,Ex,Gd,Mod,Attchd,WD,190000
448,11214,AllPub,2Story,7,5,1999,Gd,Gd,Typ,Attchd,WD,199900
449,8600,AllPub,1.5Fin,6,6,1950,TA,TA,Typ,Detchd,WD,119500
450,6000,AllPub,1.5Fin,3,7,2002,Ex,TA,Typ,Detchd,WD,120000
451,5684,AllPub,1Story,6,8,2005,Ex,Gd,Typ,Detchd,WD,110000
452,70761,AllPub,1Story,7,5,1975,TA,Gd,Typ,Attchd,WD,280000
453,9303,AllPub,2Story,6,5,1997,Ex,TA,Typ,Attchd,WD,204000
454,9000,AllPub,2Story,8,5,2008,Ex,Gd,Typ,Attchd,WD,210000
455,9297,AllPub,1Story,5,5,1976,TA,TA,Typ,Detchd,WD,188000
456,9600,AllPub,1Story,7,6,1973,Fa,TA,Typ,Attchd,WD,175500
457,4571,AllPub,2Story,5,5,1950,Fa,TA,Typ,Detchd,COD,98000
458,53227,AllPub,1Story,4,6,1994,Ex,Gd,Min1,Attchd,WD,256000
459,5100,AllPub,2Story,8,7,1996,Fa,Gd,Typ,Detchd,WD,161000
460,7015,AllPub,1.5Fin,5,4,1950,TA,Gd,Typ,Detchd,WD,110000
461,8004,AllPub,2Story,8,5,2009,Ex,TA,Typ,BuiltIn,New,263435
462,7200,AllPub,2Story,7,9,2007,Ex,Gd,Typ,Detchd,WD,155000
463,8281,AllPub,1Story,5,5,1965,Gd,TA,Typ,Detchd,WD,62383
464,11988,AllPub,2Story,6,7,1995,Fa,TA,Typ,Detchd,WD,188700
465,8430,AllPub,1Story,5,5,1978,TA,TA,Typ,NA,WD,124000
466,3072,AllPub,1Story,7,5,2004,Ex,Gd,Typ,Attchd,WD,178740
467,10628,AllPub,1Story,7,5,1970,TA,TA,Typ,Attchd,WD,167000
468,9480,AllPub,2Story,5,7,1995,Ex,Gd,Typ,Attchd,WD,146500
469,11428,AllPub,1Story,8,5,2006,Ex,Gd,Typ,Attchd,WD,250000
470,9291,AllPub,2Story,6,5,1993,Ex,Gd,Typ,Attchd,WD,187000
471,6820,AllPub,1Story,8,5,1985,TA,Gd,Typ,Attchd,WD,212000
472,11952,AllPub,2Story,7,6,1977,TA,TA,Typ,Attchd,WD,190000
473,3675,AllPub,SLvl,6,5,2005,Ex,TA,Typ,Basment,WD,148000
474,14977,AllPub,1Story,8,5,2007,Ex,Gd,Typ,Attchd,New,440000
475,5330,AllPub,1Story,8,5,2000,Ex,Ex,Typ,Attchd,WD,251000
476,8480,AllPub,1Story,5,6,1963,TA,TA,Typ,Detchd,WD,132500
477,13125,AllPub,1Story,6,5,1998,Ex,Gd,Typ,Attchd,WD,208900
478,13693,AllPub,2Story,9,5,2006,Ex,Ex,Typ,BuiltIn,WD,380000
479,10637,AllPub,1Story,8,5,2008,Ex,Gd,Typ,Attchd,WD,297000
480,5925,AllPub,1Story,4,7,2000,TA,TA,Typ,Detchd,WD,89471
481,16033,AllPub,1Story,9,5,2005,Ex,Gd,Typ,Attchd,WD,326000
482,11846,AllPub,1Story,9,5,2004,Ex,Ex,Typ,Attchd,WD,374000
483,2500,AllPub,2Story,7,8,2005,Ex,Ex,Min2,Attchd,WD,155000
484,4500,AllPub,1Story,6,5,1998,Ex,TA,Typ,Attchd,WD,164000
485,7758,AllPub,1Story,5,7,2001,Gd,Gd,Typ,Detchd,WD,132500
486,9600,AllPub,1Story,5,7,2007,Gd,Gd,Typ,Attchd,WD,147000
487,10289,AllPub,1Story,5,7,1965,TA,TA,Typ,Attchd,WD,156000
488,12243,AllPub,1Story,5,6,1971,Gd,TA,Typ,Attchd,WD,175000
489,10800,AllPub,1.5Fin,5,4,1970,TA,TA,Mod,Attchd,ConLD,160000
490,1526,AllPub,SFoyer,4,8,2002,TA,Gd,Typ,Attchd,WD,86000
491,2665,AllPub,2Story,5,6,1976,TA,TA,Typ,BuiltIn,WD,115000
492,9490,AllPub,1.5Fin,6,7,1950,TA,Fa,Typ,Attchd,WD,133000
493,15578,AllPub,2Story,6,5,2006,Gd,TA,Typ,Attchd,New,172785
494,7931,AllPub,1Story,5,6,1960,TA,TA,Typ,Detchd,WD,155000
495,5784,AllPub,1Story,5,8,1996,Gd,TA,Typ,Attchd,WD,91300
496,7879,AllPub,1Story,4,5,1950,TA,TA,Typ,NA,WD,34900
497,12692,AllPub,1Story,8,5,1993,Ex,Gd,Typ,Attchd,WD,430000
498,9120,AllPub,1.5Fin,7,6,1950,Ex,TA,Typ,Detchd,WD,184000
499,7800,AllPub,1Story,5,7,2004,Ex,Gd,Typ,Attchd,WD,130000
500,7535,AllPub,1Story,5,7,1985,Fa,TA,Typ,Attchd,WD,120000
501,1890,AllPub,2Story,6,5,1973,TA,TA,Typ,Detchd,WD,113000
502,9803,AllPub,2Story,7,5,2005,Gd,Gd,Typ,Attchd,WD,226700
503,9170,AllPub,1Story,5,7,1965,Ex,TA,Typ,Detchd,WD,140000
504,15602,AllPub,1Story,7,8,1997,TA,TA,Typ,Attchd,WD,289000
505,2308,AllPub,2Story,6,5,1974,TA,TA,Typ,Attchd,WD,147000
506,7596,AllPub,2Story,5,5,1952,Gd,TA,Typ,Detchd,COD,124500
507,9554,AllPub,2Story,8,5,1994,Ex,Gd,Typ,Attchd,WD,215000
508,7862,AllPub,1Story,6,5,2009,Ex,Gd,Typ,Attchd,New,208300
509,9600,AllPub,2Story,7,9,2005,Ex,Gd,Typ,Detchd,WD,161000
510,9600,AllPub,1Story,5,6,1959,Ex,TA,Typ,Attchd,WD,124500
511,14559,AllPub,1Story,5,7,2000,Ex,TA,Min1,CarPort,WD,164900
512,6792,AllPub,1Story,7,5,2006,Ex,Gd,Typ,Attchd,New,202665
513,9100,AllPub,1Story,5,5,1958,TA,TA,Typ,Detchd,WD,129900
514,9187,AllPub,1Story,6,5,1983,TA,TA,Typ,Attchd,WD,134000
515,10594,AllPub,1.5Unf,5,5,1950,Fa,TA,Typ,Detchd,WD,96500
516,12220,AllPub,1Story,10,5,2009,Ex,Ex,Typ,Attchd,New,402861
517,10448,AllPub,SLvl,6,6,1972,TA,TA,Typ,Attchd,COD,158000
518,10208,AllPub,2Story,7,5,1997,Ex,Gd,Typ,Attchd,WD,265000
519,9531,AllPub,2Story,6,5,1998,Ex,TA,Typ,Attchd,WD,211000
520,10918,AllPub,2Story,7,9,2004,Ex,Gd,Typ,Detchd,WD,234000
521,10800,AllPub,2Story,4,7,2000,TA,TA,Typ,NA,WD,106250
522,11988,AllPub,1Story,6,6,1957,Ex,TA,Typ,Attchd,WD,150000
523,5000,AllPub,1.5Fin,6,7,1950,Ex,TA,Typ,Detchd,WD,159000
524,40094,AllPub,2Story,10,5,2008,Ex,Ex,Typ,BuiltIn,New,184750
525,11787,AllPub,2Story,7,5,1997,Ex,Gd,Typ,Attchd,WD,315750
526,7500,AllPub,1Story,7,5,2005,Ex,Gd,Typ,Attchd,WD,176000
527,13300,AllPub,1Story,5,7,2000,TA,TA,Typ,Attchd,WD,132000
528,14948,AllPub,2Story,9,5,2008,Ex,Ex,Typ,Attchd,New,446261
529,9098,AllPub,1Story,4,7,2002,Ex,TA,Typ,NA,WD,86000
530,32668,AllPub,1Story,6,3,1975,TA,TA,Maj1,Attchd,WD,200624
531,10200,AllPub,SLvl,6,5,1989,Ex,Gd,Typ,Attchd,WD,175000
532,6155,AllPub,2Story,6,8,1999,Ex,TA,Typ,Detchd,WD,128000
533,7200,AllPub,1Story,5,7,2007,Ex,TA,Mod,Detchd,WD,107500
534,5000,AllPub,1Story,1,3,1950,Fa,Fa,Typ,NA,WD,39300
535,9056,AllPub,2Story,8,5,2004,Ex,Gd,Typ,Attchd,WD,178000
536,7000,AllPub,2Story,5,7,1991,TA,TA,Typ,NA,WD,107500
537,8924,AllPub,2Story,7,5,1999,Ex,Gd,Typ,Attchd,WD,188000
538,12735,AllPub,1Story,4,5,1972,TA,TA,Typ,Detchd,COD,111250
539,11553,AllPub,1Story,5,5,1968,TA,TA,Typ,Attchd,WD,158000
540,11423,AllPub,1Story,8,5,2002,Ex,Gd,Typ,Attchd,WD,272000
541,14601,AllPub,1Story,9,5,2006,Ex,Ex,Typ,Attchd,WD,315000
542,11000,AllPub,2Story,8,5,2000,Ex,Gd,Typ,BuiltIn,WD,248000
543,10140,AllPub,1Story,7,5,1999,Ex,Gd,Maj1,Attchd,WD,213250
544,4058,AllPub,SFoyer,7,5,1998,Ex,TA,Typ,Attchd,WD,133000
545,17104,AllPub,2Story,7,5,2006,Ex,Gd,Typ,Attchd,New,179665
546,13837,AllPub,1.5Fin,7,5,1988,Gd,Gd,Typ,Attchd,WD,229000
547,8737,AllPub,1.5Fin,6,7,1950,Ex,TA,Typ,Detchd,WD,210000
548,7244,AllPub,SFoyer,5,7,1970,Ex,TA,Typ,Detchd,WD,129500
549,8235,AllPub,1Story,5,7,1995,TA,TA,Typ,Detchd,WD,125000
550,9375,AllPub,2Story,7,5,2004,Ex,Gd,Typ,BuiltIn,WD,263000
551,4043,AllPub,1Story,6,6,1977,TA,TA,Typ,Attchd,COD,140000
552,6000,AllPub,1Story,5,6,1957,Gd,TA,Typ,Attchd,WD,112500
553,11146,AllPub,1Story,8,5,2006,Ex,Gd,Typ,Attchd,WD,255500
554,8777,AllPub,1Story,4,5,2003,Ex,Gd,Typ,Detchd,WD,108000
555,10625,AllPub,2Story,7,5,2004,Ex,Gd,Typ,BuiltIn,WD,284000
556,6380,AllPub,1.5Unf,5,6,1950,TA,TA,Typ,Detchd,WD,113000
557,14850,AllPub,1Story,5,5,1957,TA,TA,Typ,Attchd,WD,141000
558,11040,AllPub,1.5Fin,4,6,1950,Gd,TA,Typ,CarPort,COD,108000
559,21872,AllPub,2Story,7,5,1997,Ex,TA,Typ,Attchd,WD,175000
560,3196,AllPub,1Story,7,5,2004,Ex,Gd,Typ,Attchd,WD,234000
561,11341,AllPub,1Story,5,6,1996,TA,TA,Mod,Detchd,WD,121500
562,10010,AllPub,1Story,5,5,1975,Gd,TA,Typ,Attchd,WD,170000
563,13907,AllPub,1Story,5,6,1969,Ex,TA,Typ,NA,WD,108000
564,21780,AllPub,1.5Fin,6,7,1950,Ex,TA,Typ,Detchd,WD,185000
565,13346,AllPub,2Story,7,5,2000,Ex,Gd,Typ,Attchd,WD,268000
566,6858,AllPub,2Story,6,4,1950,TA,Fa,Typ,Detchd,WD,128000
567,11198,AllPub,2Story,9,5,2007,Ex,Ex,Typ,BuiltIn,WD,325000
568,10171,AllPub,1Story,7,5,2004,Ex,Gd,Typ,Attchd,WD,214000
569,12327,AllPub,1.5Fin,8,8,2009,Ex,Gd,Min2,BuiltIn,WD,316600
570,7032,AllPub,SFoyer,5,5,1979,TA,TA,Typ,Detchd,WD,135960
571,13101,AllPub,1Story,5,5,1965,TA,TA,Typ,Detchd,WD,142600
572,7332,AllPub,1Story,6,6,1959,Ex,Gd,Typ,Attchd,WD,120000
573,13159,AllPub,2Story,7,5,2009,Gd,Gd,Typ,Attchd,New,224500
574,9967,AllPub,SLvl,7,5,2000,Ex,TA,Typ,BuiltIn,WD,170000
575,10500,AllPub,SLvl,5,7,2005,TA,TA,Typ,BuiltIn,WD,139000
576,8480,AllPub,1.5Fin,5,5,1950,TA,TA,Typ,Detchd,COD,118500
577,6292,AllPub,1.5Fin,7,7,1950,Gd,TA,Typ,Detchd,WD,145000
578,11777,AllPub,SLvl,5,6,1966,Ex,TA,Typ,Attchd,WD,164500
579,3604,AllPub,2Story,7,5,2007,Ex,Gd,Typ,Detchd,WD,146000
580,12150,AllPub,1.5Fin,5,5,1954,Ex,TA,Typ,Attchd,WD,131500
581,14585,AllPub,1Story,6,6,1987,Ex,Gd,Typ,Attchd,WD,181900
582,12704,AllPub,1Story,8,5,2009,Ex,Ex,Typ,Attchd,New,253293
583,11841,AllPub,SFoyer,6,5,1990,TA,TA,Typ,NA,WD,118500
584,13500,AllPub,2.5Unf,10,9,2000,Gd,Gd,Typ,Detchd,WD,325000
585,6120,AllPub,1.5Fin,4,7,1995,Ex,Gd,Typ,Detchd,WD,133000
586,11443,AllPub,1Story,8,5,2006,Ex,Gd,Typ,Attchd,New,369900
587,10267,AllPub,1Story,6,7,2000,Ex,Fa,Typ,Detchd,WD,130000
588,8740,AllPub,SFoyer,5,6,1982,TA,TA,Typ,Detchd,WD,137000
589,25095,AllPub,1Story,5,8,2003,Ex,Ex,Typ,Attchd,WD,143000
590,9100,AllPub,1Story,5,6,1960,TA,TA,Typ,Detchd,WD,79500
591,8320,AllPub,2Story,7,5,2004,Ex,Gd,Typ,Attchd,WD,185900
592,13478,AllPub,2Story,10,5,2008,Ex,Ex,Typ,BuiltIn,ConLI,451950
593,6600,AllPub,1Story,5,8,2003,Ex,TA,Typ,Detchd,WD,138000
594,4435,AllPub,1Story,6,5,2003,Ex,Gd,Typ,Attchd,WD,140000
595,7990,AllPub,1Story,5,6,1975,TA,TA,Typ,Detchd,WD,110000
596,11302,AllPub,1Story,8,5,2006,Ex,Gd,Typ,Attchd,New,319000
597,3600,AllPub,2Story,6,7,1993,Ex,TA,Typ,Detchd,WD,114504
598,3922,AllPub,1Story,7,5,2007,Ex,Gd,Typ,Attchd,New,194201
599,12984,AllPub,1Story,5,6,1977,Ex,Gd,Typ,Attchd,WD,217500
600,1950,AllPub,2Story,6,6,1980,TA,TA,Typ,Attchd,COD,151000
601,10927,AllPub,2Story,8,5,2005,Ex,Ex,Typ,BuiltIn,WD,275000
602,9000,AllPub,1.5Fin,6,6,1950,TA,Gd,Typ,Detchd,WD,141000
603,10041,AllPub,2Story,8,5,1992,Ex,Gd,Typ,Attchd,WD,220000
604,3182,AllPub,2Story,7,5,2005,Ex,Gd,Typ,Detchd,WD,151000
605,12803,AllPub,1Story,7,5,2002,Ex,Gd,Typ,Attchd,WD,221000
606,13600,AllPub,2Story,7,6,1990,TA,TA,Typ,Attchd,WD,205000
607,12464,AllPub,1Story,5,5,1996,Gd,Gd,Typ,Detchd,WD,152000
608,7800,AllPub,2Story,5,8,2002,Ex,Ex,Typ,Attchd,WD,225000
609,12168,AllPub,2Story,8,6,1998,TA,TA,Typ,Basment,WD,359100
610,7943,AllPub,1Story,4,5,1961,Gd,TA,Typ,Attchd,WD,118500
611,11050,AllPub,2Story,9,5,2000,Ex,Ex,Typ,Attchd,WD,313000
612,10395,AllPub,SLvl,6,6,1978,TA,TA,Typ,Attchd,WD,148000
613,11885,AllPub,2Story,8,5,2001,Ex,Ex,Typ,BuiltIn,WD,261500
614,8402,AllPub,1Story,5,5,2007,Ex,TA,Typ,NA,New,147000
615,1491,AllPub,SFoyer,4,6,1972,Ex,TA,Typ,NA,WD,75500
616,8800,AllPub,SFoyer,6,7,1963,Ex,Gd,Typ,Attchd,WD,137500
617,7861,AllPub,2Story,6,5,2003,Ex,Gd,Typ,Attchd,WD,183200
618,7227,AllPub,1.5Unf,6,6,1954,Gd,Gd,Typ,Detchd,WD,105500
619,11694,AllPub,1Story,9,5,2007,Ex,Gd,Typ,Attchd,New,314813
620,12244,AllPub,2Story,8,5,2003,Ex,Gd,Typ,Attchd,WD,305000
621,8248,AllPub,1Story,3,3,1950,TA,TA,Typ,NA,WD,67000
622,10800,AllPub,2Story,6,7,1997,TA,TA,Typ,Attchd,WD,240000
623,7064,AllPub,1Story,5,6,1977,TA,TA,Typ,Detchd,WD,135000
624,2117,AllPub,2Story,6,5,2000,Ex,Gd,Typ,Detchd,WD,168500
625,10400,AllPub,2Story,6,5,1972,Gd,TA,Min2,Attchd,WD,165150
626,10000,AllPub,1Story,6,6,1962,TA,TA,Typ,Attchd,WD,160000
627,12342,AllPub,1Story,5,5,1978,TA,TA,Min1,Attchd,WD,139900
628,9600,AllPub,SLvl,6,6,1972,Ex,TA,Typ,Basment,WD,153000
629,11606,AllPub,2Story,5,5,1969,TA,Fa,Typ,Attchd,WD,135000
630,9020,AllPub,SLvl,6,5,1964,TA,TA,Typ,Attchd,WD,168500
631,9000,AllPub,2Story,5,6,1991,TA,Ex,Typ,Detchd,WD,124000
632,4590,AllPub,1Story,8,5,2006,Ex,Gd,Typ,Attchd,WD,209500
633,11900,AllPub,1Story,7,5,1977,TA,TA,Typ,Attchd,WD,82500
634,9250,AllPub,1Story,5,7,2005,TA,TA,Typ,Attchd,WD,139400
635,6979,AllPub,SFoyer,6,5,1980,Gd,TA,Typ,Detchd,WD,144000
636,10896,AllPub,2.5Fin,6,7,1995,Ex,Fa,Typ,NA,WD,200000
637,6120,AllPub,1Story,2,3,1950,Fa,Fa,Maj1,NA,ConLw,60000
638,6000,AllPub,1.5Fin,5,4,1954,TA,Gd,Typ,BuiltIn,WD,93000
639,8777,AllPub,1Story,5,7,1950,Gd,TA,Typ,NA,WD,85000
640,3982,AllPub,1Story,8,5,2006,Ex,Ex,Typ,Attchd,New,264561
641,12677,AllPub,1Story,8,5,2004,Ex,Ex,Typ,Attchd,WD,274000
642,7050,AllPub,2Story,7,5,2001,Ex,Gd,Typ,Attchd,WD,226000
643,13860,AllPub,SLvl,8,7,1995,Gd,Ex,Typ,Attchd,WD,345000
644,10793,AllPub,2Story,5,5,1969,Ex,TA,Min1,Attchd,WD,152000
645,9187,AllPub,1Story,9,5,2009,Ex,Ex,Typ,Attchd,New,370878
646,10530,AllPub,1Story,6,5,1971,TA,TA,Typ,Detchd,WD,143250
647,7200,AllPub,1Story,5,5,1950,Gd,TA,Min1,Detchd,WD,98300
648,10452,AllPub,1Story,6,5,1953,Ex,TA,Typ,Attchd,WD,155000
649,7700,AllPub,2Story,6,5,1966,TA,TA,Typ,Attchd,WD,155000
650,1936,AllPub,SFoyer,4,6,1970,Gd,TA,Typ,NA,WD,84500
651,8125,AllPub,2Story,7,6,2007,Ex,Gd,Typ,Attchd,WD,205950
652,9084,AllPub,2Story,4,5,1950,TA,TA,Typ,Detchd,WD,108000
653,8750,AllPub,2Story,7,5,1996,Ex,Gd,Typ,Attchd,WD,191000
654,10320,AllPub,1.5Fin,6,7,1995,Ex,TA,Typ,Detchd,WD,135000
655,10437,AllPub,1Story,8,6,1995,Ex,Gd,Typ,Attchd,WD,350000
656,1680,AllPub,2Story,6,5,1971,TA,TA,Typ,Detchd,WD,88000
657,10007,AllPub,1Story,5,7,2006,Ex,Gd,Typ,Attchd,WD,145500
658,7200,AllPub,2Story,7,6,2000,TA,TA,Typ,Attchd,WD,149000
659,17503,AllPub,1.5Fin,6,5,1950,TA,TA,Typ,Attchd,WD,97500
660,9937,AllPub,1Story,5,7,1999,Ex,TA,Typ,Detchd,WD,167000
661,12384,AllPub,2Story,7,7,1976,TA,TA,Typ,Attchd,WD,197900
662,46589,AllPub,2Story,8,7,2005,Ex,Gd,Typ,Attchd,WD,402000
663,13560,AllPub,1Story,6,3,1968,Gd,TA,Maj2,Attchd,WD,110000
664,10012,AllPub,SFoyer,4,5,1972,TA,TA,Typ,Detchd,WD,137500
665,20896,AllPub,1Story,8,5,2006,Ex,Ex,Typ,Attchd,New,423000
666,11194,AllPub,2Story,8,5,2000,Ex,Gd,Typ,Attchd,WD,230500
667,18450,AllPub,2Story,6,5,1979,TA,TA,Sev,CarPort,WD,129000
668,8125,AllPub,1Story,6,5,1998,Ex,Gd,Typ,Attchd,WD,193500
669,14175,AllPub,1Story,5,6,1987,Gd,TA,Min2,Detchd,WD,168000
670,11600,AllPub,1Story,4,5,1950,Ex,Fa,Typ,Detchd,WD,137500
671,8633,AllPub,2Story,6,5,2005,Ex,Gd,Typ,Attchd,WD,173500
672,6629,AllPub,2Story,6,6,1950,TA,TA,Typ,Detchd,WD,103600
673,11250,AllPub,1Story,6,6,1977,TA,TA,Typ,Attchd,WD,165000
674,14442,AllPub,1Story,6,7,2004,Ex,Gd,Typ,Attchd,WD,257500
675,9200,AllPub,1Story,6,6,1965,TA,TA,Typ,Attchd,WD,140000
676,2289,AllPub,2Story,6,6,1978,TA,TA,Typ,Attchd,WD,148500
677,9600,AllPub,2Story,4,2,1950,Fa,TA,Min2,2Types,WD,87000
678,9022,AllPub,1Story,5,8,2006,Ex,Gd,Typ,Detchd,WD,109500
679,11844,AllPub,1Story,8,5,2008,Ex,Gd,Typ,Attchd,New,372500
680,9945,AllPub,1Story,5,5,1961,TA,TA,Typ,Detchd,WD,128500
681,8012,AllPub,1Story,6,5,1980,TA,TA,Typ,Attchd,WD,143000
682,4500,AllPub,1.5Fin,5,5,2000,Ex,TA,Typ,Detchd,WD,159434
683,2887,AllPub,1Story,6,5,1997,Ex,Gd,Typ,Attchd,WD,173000
684,11248,AllPub,1Story,9,5,2002,Ex,Gd,Typ,Attchd,WD,285000
685,16770,AllPub,2Story,7,5,1998,Gd,TA,Typ,Attchd,WD,221000
686,5062,AllPub,2Story,7,5,1984,Gd,Gd,Min1,Attchd,WD,207500
687,10207,AllPub,2Story,7,6,2007,Ex,Gd,Typ,Attchd,New,227875
688,5105,AllPub,2Story,7,5,2004,Ex,Gd,Typ,Detchd,WD,148800
689,8089,AllPub,1Story,8,6,2007,Ex,Gd,Typ,Attchd,New,392000
690,7577,AllPub,1Story,6,5,2006,Ex,Gd,Typ,Attchd,WD,194700
691,4426,AllPub,1Story,6,5,2004,Ex,Gd,Typ,Attchd,WD,141000
692,21535,AllPub,2Story,10,6,1995,Ex,Ex,Typ,Attchd,WD,755000
693,26178,AllPub,2Story,7,5,1990,Ex,Gd,Typ,Attchd,WD,335000
694,5400,AllPub,1Story,5,6,1968,Ex,TA,Typ,Detchd,WD,108480
695,6120,AllPub,1.5Fin,5,6,1950,TA,TA,Typ,Detchd,WD,141500
696,13811,AllPub,1Story,6,6,1987,Gd,Gd,Typ,Attchd,WD,176000
697,6000,AllPub,1Story,5,7,1950,Gd,TA,Typ,Detchd,WD,89000
698,6420,AllPub,1Story,5,7,1952,Fa,TA,Typ,Detchd,WD,123500
699,8450,AllPub,1Story,5,8,2009,Ex,TA,Typ,Detchd,WD,138500
700,4282,AllPub,1Story,7,5,2004,Ex,Gd,Typ,Attchd,WD,196000
701,14331,AllPub,1Story,8,5,2002,Ex,Gd,Typ,Attchd,WD,312500
702,9600,AllPub,1Story,7,5,1969,TA,TA,Typ,Attchd,COD,140000
703,12438,AllPub,2Story,8,5,2006,Ex,Ex,Typ,BuiltIn,New,361919
704,7630,AllPub,2Story,5,9,1996,Gd,Gd,Typ,Detchd,WD,140000
705,8400,AllPub,1Story,7,5,2005,Ex,Gd,Typ,Attchd,WD,213000
706,5600,AllPub,2Story,4,5,1950,Fa,Fa,Mod,NA,WD,55000
707,115149,AllPub,1Story,7,5,2002,TA,Gd,Typ,Attchd,WD,302000
708,6240,AllPub,1Story,8,5,2006,Ex,Gd,Typ,Attchd,WD,254000
709,9018,AllPub,2Story,7,5,2007,Ex,Gd,Typ,Attchd,New,179540
710,7162,AllPub,1Story,5,7,1966,TA,TA,Typ,Attchd,WD,109900
711,4130,AllPub,1Story,3,6,2003,Gd,TA,Maj2,NA,WD,52000
712,8712,AllPub,1.5Fin,4,7,1950,Gd,TA,Typ,Detchd,WD,102776
713,4671,AllPub,1Story,8,5,1989,Gd,Gd,Typ,Attchd,WD,189000
714,9873,AllPub,1Story,4,5,1970,TA,TA,Typ,Detchd,WD,129000
715,13517,AllPub,2Story,6,8,2005,Ex,Gd,Typ,Attchd,WD,130500
716,10140,AllPub,1Story,6,5,1974,TA,TA,Typ,Attchd,WD,165000
717,10800,AllPub,2Story,7,8,1998,Ex,TA,Typ,Detchd,WD,159500
718,10000,AllPub,1Story,5,6,2000,Gd,Gd,Typ,Attchd,WD,157000
719,10542,AllPub,2Story,7,5,1994,Ex,Gd,Typ,Attchd,WD,341000
720,9920,AllPub,1Story,5,6,1969,TA,TA,Typ,Attchd,WD,128500
721,6563,AllPub,1Story,8,5,1985,TA,Gd,Typ,Attchd,WD,275000
722,4426,AllPub,1Story,6,5,2004,Ex,Gd,Typ,Attchd,WD,143000
723,8120,AllPub,1Story,4,7,1970,Ex,TA,Typ,Detchd,WD,124500
724,8172,AllPub,1.5Fin,4,6,1972,Ex,TA,Typ,Detchd,WD,135000
725,13286,AllPub,1Story,9,5,2008,Ex,Ex,Typ,Attchd,WD,320000
726,6960,AllPub,1Story,4,6,1970,TA,Gd,Typ,Detchd,WD,120500
727,21695,AllPub,1Story,6,9,2007,Ex,Gd,Typ,Attchd,WD,222000
728,7314,AllPub,1Story,7,5,2007,Ex,Gd,Typ,Attchd,WD,194500
729,11475,AllPub,1Story,5,5,1958,TA,TA,Typ,Detchd,COD,110000
730,6240,AllPub,1.5Fin,4,5,1950,TA,TA,Typ,Detchd,WD,103000
731,5389,AllPub,1Story,8,5,1996,Ex,Gd,Typ,Attchd,WD,236500
732,9590,AllPub,SLvl,7,5,2003,Ex,Gd,Typ,Attchd,WD,187500
733,11404,AllPub,2Story,7,5,1999,Ex,Gd,Typ,Attchd,WD,222500
734,10000,AllPub,1Story,5,6,1983,Ex,TA,Typ,Attchd,WD,131400
735,8978,AllPub,1Story,5,5,1968,TA,TA,Typ,Attchd,WD,108000
736,10800,AllPub,2.5Unf,7,7,1970,Fa,TA,Typ,Detchd,WD,163000
737,8544,AllPub,1Story,3,4,1950,Gd,TA,Typ,Detchd,WD,93500
738,10463,AllPub,2Story,8,5,2005,Ex,Gd,Typ,Attchd,WD,239900
739,10800,AllPub,1Story,5,5,1988,TA,TA,Typ,NA,WD,179000
740,9313,AllPub,2Story,7,5,2004,Ex,Gd,Typ,Attchd,WD,190000
741,9600,AllPub,2Story,5,7,2002,Ex,TA,Typ,Detchd,WD,132000
742,6768,AllPub,1Story,6,8,1996,Gd,Gd,Typ,Detchd,WD,142000
743,8450,AllPub,1Story,7,5,2001,Ex,TA,Typ,Attchd,WD,179000
744,12886,AllPub,SLvl,5,6,1999,Ex,TA,Min2,Attchd,WD,175000
745,5395,AllPub,1Story,8,5,1993,Gd,Gd,Typ,Attchd,WD,180000
746,8963,AllPub,2Story,8,9,1996,Ex,Gd,Typ,BuiltIn,WD,299800
747,8795,AllPub,2Story,7,5,2000,Ex,Gd,Typ,BuiltIn,WD,236000
748,11700,AllPub,2Story,7,7,2003,TA,Gd,Typ,Detchd,WD,265979
749,10593,AllPub,1Story,7,5,1996,Ex,Gd,Typ,Attchd,WD,260400
750,8405,AllPub,1.5Fin,4,3,1950,TA,TA,Mod,Detchd,WD,98000
751,8800,AllPub,1.5Fin,4,7,2004,Gd,TA,Min2,NA,WD,96500
752,7750,AllPub,2Story,7,5,2003,Ex,Gd,Typ,Attchd,WD,162000
753,9236,AllPub,1Story,6,5,1997,Ex,Gd,Typ,Attchd,WD,217000
754,10240,AllPub,2Story,8,5,2005,Gd,Ex,Typ,Attchd,WD,275500
755,7930,AllPub,1Story,6,8,2005,Gd,Gd,Typ,Detchd,WD,156000
756,3230,AllPub,2Story,6,5,1999,Gd,TA,Typ,Detchd,WD,172500
757,10769,AllPub,2Story,8,5,2007,Ex,Gd,Typ,Attchd,WD,212000
758,11616,AllPub,2Story,6,5,1978,TA,TA,Typ,Attchd,WD,158900
759,2280,AllPub,2Story,7,5,1999,Gd,TA,Typ,Detchd,WD,179400
760,12257,AllPub,2Story,8,5,1995,Ex,Gd,Typ,Attchd,WD,290000
761,9100,AllPub,1Story,6,6,1959,Ex,TA,Typ,Detchd,WD,127500
762,6911,AllPub,1Story,5,5,1950,TA,Fa,Min1,Detchd,WD,100000
763,8640,AllPub,2Story,7,5,2009,Ex,Gd,Typ,Attchd,Con,215200
764,9430,AllPub,2Story,8,5,1999,Ex,Gd,Typ,Attchd,WD,337000
765,9549,AllPub,1Story,8,5,1996,Ex,Ex,Typ,Attchd,WD,270000
766,14587,AllPub,1Story,9,5,2008,Ex,Ex,Typ,Attchd,New,264132
767,10421,AllPub,2Story,7,5,1988,TA,TA,Typ,Attchd,WD,196500
768,12508,AllPub,1.5Fin,6,7,1985,Ex,TA,Mod,Attchd,WD,160000
769,9100,AllPub,1Story,7,5,2005,Ex,Gd,Typ,Attchd,WD,216837
770,53504,AllPub,2Story,8,5,2003,Ex,Ex,Mod,BuiltIn,WD,538000
771,7252,AllPub,SFoyer,5,5,1982,TA,TA,Typ,Detchd,WD,134900
772,8877,AllPub,1Story,4,5,1951,TA,TA,Typ,Detchd,COD,102000
773,7819,AllPub,SLvl,6,5,1976,TA,TA,Typ,Detchd,WD,107000
774,10150,AllPub,1Story,5,5,1958,Ex,TA,Typ,Attchd,COD,114500
775,14226,AllPub,1Story,8,5,2006,Gd,Gd,Typ,Attchd,New,395000
776,4500,AllPub,1Story,6,5,1998,Ex,TA,Typ,Attchd,WD,162000
777,11210,AllPub,1Story,7,5,2006,Ex,Gd,Typ,Attchd,New,221500
778,13350,AllPub,1Story,5,5,1974,TA,TA,Typ,Attchd,WD,142500
779,8400,AllPub,1Story,5,5,1977,TA,TA,Typ,Detchd,WD,144000
780,10530,AllPub,SFoyer,6,5,1977,TA,TA,Typ,Attchd,WD,135000
781,7875,AllPub,1Story,7,5,1996,Gd,TA,Typ,Attchd,WD,176000
782,7153,AllPub,2Story,6,5,1992,Ex,Gd,Typ,Attchd,WD,175900
783,16285,AllPub,1Story,7,5,2002,Ex,Gd,Typ,Attchd,WD,187100
784,9101,AllPub,SFoyer,5,6,1978,Ex,Gd,Typ,Attchd,WD,165500
785,6300,AllPub,2.5Unf,6,6,2001,Ex,TA,Typ,NA,WD,128000
786,9790,AllPub,1Story,6,5,1967,TA,TA,Typ,Attchd,WD,161500
787,10800,AllPub,1.5Fin,5,6,1950,TA,TA,Typ,Detchd,WD,139000
788,10142,AllPub,2Story,7,5,2004,Ex,Gd,Typ,BuiltIn,WD,233000
789,6000,AllPub,1Story,4,7,2000,Ex,TA,Typ,Detchd,WD,107900
790,12205,AllPub,2Story,6,8,2007,Gd,Gd,Typ,Attchd,WD,187500
791,3182,AllPub,1Story,7,5,2006,Ex,Gd,Typ,Attchd,WD,160200
792,11333,AllPub,SLvl,6,5,1976,TA,TA,Typ,Attchd,WD,146800
793,9920,AllPub,2Story,7,5,1997,Ex,TA,Typ,Attchd,WD,269790
794,9158,AllPub,1Story,8,5,2007,Ex,Gd,Typ,Attchd,New,225000
795,10832,AllPub,2Story,7,5,1996,Ex,Gd,Typ,Attchd,WD,194500
796,8400,AllPub,2Story,6,6,1981,TA,TA,Typ,Attchd,WD,171000
797,8197,AllPub,1Story,6,5,1977,Ex,TA,Typ,Attchd,WD,143500
798,7677,AllPub,1Story,5,5,1953,Gd,TA,Typ,Attchd,WD,110000
799,13518,AllPub,2Story,9,5,2009,Ex,Ex,Typ,BuiltIn,New,485000
800,7200,AllPub,1.5Fin,5,7,1950,Ex,Gd,Typ,Detchd,WD,175000
801,12798,AllPub,2Story,6,5,1997,Gd,Gd,Typ,Attchd,WD,200000
802,4800,AllPub,1Story,4,7,1990,Ex,TA,Typ,Detchd,WD,109900
803,8199,AllPub,2Story,7,5,2005,Ex,Gd,Typ,Attchd,WD,189000
804,13891,AllPub,2Story,9,5,2009,Ex,Ex,Typ,BuiltIn,New,582933
805,9000,AllPub,1Story,5,5,1954,TA,TA,Min1,Attchd,WD,118000
806,12274,AllPub,1Story,7,5,2008,Ex,Ex,Typ,Attchd,New,227680
807,9750,AllPub,SLvl,5,5,1967,Gd,TA,Typ,Attchd,WD,135500
808,21384,AllPub,2Story,5,6,2004,Ex,Gd,Typ,Attchd,WD,223500
809,13400,AllPub,SLvl,5,5,1966,TA,TA,Typ,Attchd,WD,159950
810,8100,AllPub,2.5Unf,5,5,1965,TA,TA,Typ,Detchd,WD,106000
811,10140,AllPub,1Story,6,6,1999,Fa,Gd,Typ,Attchd,WD,181000
812,4438,AllPub,1Story,6,5,2004,Ex,Gd,Typ,Attchd,ConLD,144500
813,8712,AllPub,1Story,5,5,1952,TA,Fa,Typ,Basment,WD,55993
814,9750,AllPub,1Story,6,6,1958,Gd,TA,Typ,Attchd,COD,157900
815,8248,AllPub,1.5Fin,5,7,1950,Gd,Fa,Typ,Detchd,WD,116000
816,12137,AllPub,1Story,7,5,1998,Ex,Gd,Typ,Attchd,WD,224900
817,11425,AllPub,1Story,5,6,1954,Gd,TA,Typ,Attchd,WD,137000
818,13265,AllPub,1Story,8,5,2002,Ex,Gd,Typ,Attchd,WD,271000
819,8816,AllPub,SLvl,6,7,1971,Gd,TA,Typ,Attchd,WD,155000
820,6371,AllPub,1Story,7,5,2010,Ex,Gd,Typ,Attchd,New,224000
821,7226,AllPub,2Story,7,5,2003,Ex,Gd,Typ,Attchd,WD,183000
822,6000,AllPub,1Story,4,4,1953,TA,TA,Min2,Detchd,WD,93000
823,12394,AllPub,2Story,7,5,2003,Ex,Gd,Typ,BuiltIn,WD,225000
824,9900,AllPub,1.5Fin,6,7,1950,TA,TA,Typ,Detchd,WD,139500
825,11216,AllPub,1Story,8,5,2006,Ex,Gd,Typ,Attchd,New,232600
826,14803,AllPub,1Story,10,5,2008,Ex,Ex,Typ,Attchd,New,385000
827,6130,AllPub,1.5Unf,5,6,1950,Gd,Gd,Typ,NA,WD,109500
828,8529,AllPub,1Story,7,5,2001,Ex,Gd,Typ,Attchd,WD,189000
829,28698,AllPub,2Story,5,5,1967,TA,TA,Min2,Attchd,WD,185000
830,2544,AllPub,2Story,7,5,2005,Ex,Gd,Typ,Detchd,WD,147400
831,11900,AllPub,1Story,6,5,1957,TA,TA,Typ,Attchd,WD,166000
832,3180,AllPub,2Story,7,5,2005,Ex,Gd,Typ,Detchd,WD,151000
833,9548,AllPub,2Story,7,6,2003,Ex,Gd,Typ,Attchd,WD,237000
834,10004,AllPub,1Story,6,6,1964,TA,TA,Typ,Attchd,WD,167000
835,7875,AllPub,1Story,5,6,1961,Gd,TA,Typ,Attchd,WD,139950
836,9600,AllPub,1Story,4,7,1995,TA,Gd,Min2,Attchd,WD,128000
837,8100,AllPub,1Story,5,6,1973,Gd,TA,Min2,Detchd,COD,153500
838,1680,AllPub,2Story,6,5,1973,TA,TA,Typ,Detchd,WD,100000
839,9525,AllPub,1Story,5,6,2006,Ex,Gd,Typ,Attchd,WD,144000
840,11767,AllPub,1.5Fin,5,6,1995,Ex,TA,Typ,Detchd,WD,130500
841,12155,AllPub,2Story,6,8,1950,TA,Fa,Typ,Detchd,WD,140000
842,10440,AllPub,2Story,5,8,2002,Gd,Gd,Typ,Detchd,WD,157500
843,9020,AllPub,SLvl,6,7,1966,TA,TA,Typ,Attchd,WD,174900
844,8000,AllPub,1Story,5,4,1961,Ex,TA,Typ,NA,WD,141000
845,12665,AllPub,1.5Fin,5,8,1950,Gd,TA,Typ,Detchd,WD,153900
846,16647,AllPub,SFoyer,5,5,1981,TA,TA,Min2,Basment,WD,171000
847,9317,AllPub,2Story,7,5,1993,Ex,Gd,Typ,Attchd,WD,213000
848,15523,AllPub,1Story,5,6,1972,Ex,TA,Typ,Attchd,WD,133500
849,45600,AllPub,1.5Fin,6,8,1997,TA,TA,Typ,Detchd,WD,240000
850,9600,AllPub,SLvl,6,7,1994,Ex,TA,Typ,Attchd,WD,187000
851,4435,AllPub,1Story,6,5,2003,Ex,Gd,Typ,Attchd,WD,131500
852,3196,AllPub,1Story,8,5,2003,Ex,Gd,Typ,Attchd,WD,215000
853,7128,AllPub,2.5Unf,7,5,1950,Gd,TA,Typ,Detchd,WD,164000
854,12095,AllPub,SLvl,6,6,1964,TA,TA,Typ,Attchd,WD,158000
855,17920,AllPub,1Story,5,4,1974,TA,TA,Typ,Attchd,WD,170000
856,6897,AllPub,1Story,5,8,2010,Ex,TA,Typ,Detchd,WD,127000
857,10970,AllPub,SLvl,6,6,1978,TA,TA,Typ,Detchd,WD,147000
858,8125,AllPub,2Story,6,5,1995,Gd,TA,Typ,Attchd,WD,174000
859,10400,AllPub,1Story,7,5,1976,TA,TA,Typ,Attchd,WD,152000
860,11029,AllPub,2Story,6,7,1984,TA,Gd,Typ,Attchd,WD,250000
861,7642,AllPub,1.5Fin,7,8,1998,Gd,Gd,Typ,Detchd,WD,189950
862,11625,AllPub,1Story,5,4,1965,Ex,TA,Typ,Attchd,WD,131500
863,9672,AllPub,1Story,6,5,1985,TA,TA,Typ,Attchd,WD,152000
864,7931,AllPub,1Story,5,5,1959,TA,TA,Typ,Attchd,WD,132500
865,8640,AllPub,1Story,7,5,2008,Ex,Gd,Typ,Attchd,New,250580
866,8750,AllPub,1Story,5,6,1970,TA,TA,Typ,Detchd,WD,148500
867,10656,AllPub,1Story,8,5,2007,Ex,Gd,Typ,Attchd,New,248900
868,6970,AllPub,1Story,4,5,1961,TA,Fa,Typ,Attchd,WD,129000
869,14762,AllPub,2Story,5,6,1950,Gd,TA,Typ,Attchd,WD,169000
870,9938,AllPub,2Story,7,5,1994,Ex,Gd,Typ,Attchd,WD,236000
871,6600,AllPub,1Story,5,5,1962,Gd,TA,Typ,Detchd,WD,109500
872,8750,AllPub,2Story,6,5,1998,Ex,Gd,Typ,Attchd,WD,200500
873,8892,AllPub,1Story,5,7,1996,Gd,Gd,Typ,Attchd,WD,116000
874,12144,AllPub,1Story,5,7,1950,Gd,TA,Typ,Attchd,WD,133000
875,5720,AllPub,1.5Fin,5,6,1950,Ex,TA,Typ,Detchd,WD,66500
876,9000,AllPub,2Story,8,5,2007,Ex,Ex,Typ,BuiltIn,New,303477
877,25286,AllPub,1Story,4,5,1963,Gd,TA,Typ,Attchd,WD,132250
878,8834,AllPub,2Story,9,5,2005,Ex,Ex,Typ,Attchd,WD,350000
879,11782,AllPub,SFoyer,5,7,1995,TA,Gd,Min2,Detchd,WD,148000
880,7000,AllPub,1Story,5,8,2005,Ex,TA,Typ,Attchd,WD,136500
881,7024,AllPub,1Story,5,5,2006,Gd,TA,Typ,Attchd,WD,157000
882,13758,AllPub,1.5Fin,7,5,1991,Ex,Gd,Typ,Attchd,WD,187500
883,9636,AllPub,2Story,6,5,1993,Gd,TA,Typ,BuiltIn,WD,178000
884,6204,AllPub,2.5Fin,4,5,1950,TA,TA,Typ,Detchd,WD,118500
885,7150,AllPub,1Story,5,5,1967,TA,TA,Typ,Attchd,WD,100000
886,5119,AllPub,1Story,9,5,2000,Ex,Gd,Typ,Attchd,CWD,328900
887,8393,AllPub,1Story,5,5,2005,Ex,TA,Typ,Attchd,WD,145000
888,16466,AllPub,1.5Fin,5,7,1955,TA,TA,Typ,Attchd,WD,135500
889,15865,AllPub,1Story,8,6,1970,Ex,Gd,Typ,Attchd,WD,268000
890,12160,AllPub,1Story,6,4,1953,Ex,TA,Typ,Attchd,WD,149500
891,8064,AllPub,1.5Fin,5,7,2006,Ex,TA,Typ,Detchd,WD,122900
892,11184,AllPub,2Story,6,5,1978,Gd,TA,Typ,Attchd,WD,172500
893,8414,AllPub,1Story,6,8,2003,TA,TA,Typ,Attchd,WD,154500
894,13284,AllPub,1Story,5,5,1954,TA,TA,Typ,Attchd,WD,165000
895,7018,AllPub,1Story,5,5,1979,TA,TA,Typ,Attchd,WD,118858
896,7056,AllPub,2Story,6,5,1963,TA,TA,Typ,Attchd,WD,140000
897,8765,AllPub,1Story,4,6,1950,Ex,TA,Typ,Detchd,WD,106500
898,7018,AllPub,2Story,5,5,1979,TA,TA,Typ,Detchd,WD,142953
899,12919,AllPub,1Story,9,5,2010,Ex,Ex,Typ,Attchd,New,611657
900,6993,AllPub,1Story,5,7,1994,TA,TA,Typ,Attchd,WD,135000
901,7340,AllPub,1Story,4,6,1971,TA,TA,Typ,Detchd,WD,110000
902,8712,AllPub,1Story,5,7,2000,TA,TA,Typ,Detchd,WD,153000
903,7875,AllPub,2Story,7,5,2003,Ex,Gd,Typ,Attchd,WD,180000
904,14859,AllPub,1Story,7,5,2006,Ex,Gd,Typ,Attchd,New,240000
905,6173,AllPub,1Story,5,6,1967,TA,TA,Typ,Attchd,WD,125500
906,9920,AllPub,1Story,5,5,1954,TA,TA,Typ,Attchd,WD,128000
907,13501,AllPub,1Story,8,5,2006,Ex,Gd,Typ,Attchd,WD,255000
908,11500,AllPub,1.5Fin,7,7,1987,Gd,Gd,Typ,Attchd,WD,250000
909,8885,AllPub,1Story,5,5,1983,TA,TA,Typ,Attchd,WD,131000
910,12589,AllPub,2Story,6,5,2005,Ex,Gd,Typ,Attchd,WD,174000
911,11600,AllPub,2Story,5,5,1960,TA,TA,Typ,Detchd,WD,154300
912,9286,AllPub,1Story,5,7,1989,TA,Gd,Typ,Detchd,WD,143500
913,6120,AllPub,1Story,5,7,1950,TA,TA,Min1,Detchd,WD,88000
914,6270,AllPub,2Story,5,6,1950,TA,TA,Typ,2Types,WD,145000
915,3000,AllPub,2Story,6,5,2009,Ex,Gd,Typ,Detchd,New,173733
916,2001,AllPub,2Story,4,5,1970,Fa,TA,Typ,Attchd,WD,75000
917,9000,AllPub,1Story,2,3,1950,TA,TA,Typ,Detchd,WD,35311
918,17140,AllPub,1Story,4,6,1956,Ex,TA,Typ,Attchd,WD,135000
919,13125,AllPub,2Story,7,5,1991,Ex,Gd,Typ,Attchd,WD,238000
920,11029,AllPub,1Story,6,8,2002,Ex,TA,Min1,Attchd,WD,176500
921,8462,AllPub,2Story,6,5,1994,Ex,Gd,Typ,Attchd,WD,201000
922,8777,AllPub,1.5Fin,5,7,2003,Gd,TA,Typ,NA,WD,145900
923,10237,AllPub,1Story,6,5,2006,Ex,Gd,Typ,Attchd,New,169990
924,8012,AllPub,1Story,6,5,1994,Ex,Gd,Typ,Attchd,WD,193000
925,10240,AllPub,1Story,6,6,1980,TA,TA,Typ,Attchd,WD,207500
926,15611,AllPub,1Story,5,6,1977,TA,Ex,Typ,Attchd,WD,175000
927,11999,AllPub,2Story,8,5,2004,Ex,Ex,Typ,BuiltIn,WD,285000
928,9900,AllPub,2Story,7,5,1968,Gd,TA,Typ,Attchd,WD,176000
929,11838,AllPub,1Story,8,5,2001,Ex,Ex,Typ,Attchd,WD,236500
930,13006,AllPub,2Story,7,5,1997,Gd,Gd,Typ,BuiltIn,WD,222000
931,8925,AllPub,1Story,8,5,2007,Ex,Gd,Typ,Attchd,WD,201000
932,9100,AllPub,1Story,5,6,1965,Ex,TA,Typ,Detchd,WD,117500
933,11670,AllPub,1Story,9,5,2006,Ex,Ex,Typ,Attchd,WD,320000
934,8487,AllPub,1Story,7,5,2004,Ex,Gd,Typ,Attchd,WD,190000
935,27650,AllPub,1Story,7,7,2007,Ex,Gd,Typ,Attchd,WD,242000
936,5825,AllPub,1Story,4,5,1953,Gd,TA,Typ,Detchd,WD,79900
937,10083,AllPub,1Story,7,5,2003,Ex,Gd,Typ,Attchd,WD,184900
938,9675,AllPub,2Story,7,5,2005,Ex,Gd,Typ,Attchd,WD,253000
939,8760,AllPub,2Story,7,5,2006,Ex,Gd,Typ,Attchd,New,239799
940,24090,AllPub,2Story,7,7,1950,Ex,TA,Typ,Attchd,COD,244400
941,12640,AllPub,1Story,6,5,1976,TA,TA,Typ,Attchd,WD,150900
942,8755,AllPub,2Story,7,5,1999,Ex,Gd,Typ,BuiltIn,WD,214000
943,7711,AllPub,1Story,4,3,1977,TA,TA,Typ,NA,Oth,150000
944,25000,AllPub,1Story,5,4,1967,TA,TA,Typ,Attchd,WD,143000
945,14375,NoSeWa,SLvl,6,6,1958,Gd,Gd,Typ,Basment,COD,137500
946,8820,AllPub,1.5Fin,5,6,1996,TA,TA,Typ,Detchd,WD,124900
947,8163,AllPub,SLvl,5,6,1959,TA,TA,Typ,Attchd,WD,143000
948,14536,AllPub,1Story,8,5,2003,Ex,Gd,Typ,Attchd,WD,270000
949,14006,AllPub,2Story,7,5,2002,Ex,Gd,Typ,Attchd,WD,192500
950,9360,AllPub,1Story,6,7,2006,TA,Gd,Typ,Attchd,WD,197500
951,7200,AllPub,1Story,5,8,2002,Gd,Gd,Typ,Detchd,WD,129000
952,7800,AllPub,1Story,5,5,1965,Gd,TA,Typ,Detchd,WD,119900
953,7200,AllPub,SFoyer,5,8,2003,Gd,TA,Typ,Detchd,WD,133900
954,11075,AllPub,2Story,5,4,1969,Ex,TA,Min2,Attchd,WD,172000
955,9400,AllPub,SFoyer,6,5,1975,TA,TA,Typ,NA,WD,127500
956,7136,AllPub,2Story,6,6,1950,TA,TA,Typ,Attchd,WD,145000
957,1300,AllPub,2Story,6,6,1980,TA,TA,Typ,Attchd,WD,124000
958,7420,AllPub,1Story,5,5,1962,TA,TA,Typ,Detchd,WD,132000
959,8450,AllPub,1Story,7,5,2003,Ex,Gd,Typ,Attchd,WD,185000
960,2572,AllPub,2Story,7,5,1999,Ex,Gd,Typ,Detchd,WD,155000
961,7207,AllPub,1Story,5,7,2008,Gd,TA,Typ,NA,WD,116500
962,12227,AllPub,2Story,6,7,1995,TA,TA,Typ,Attchd,WD,272000
963,2308,AllPub,2Story,6,6,1976,TA,Gd,Typ,Detchd,WD,155000
964,11923,AllPub,1Story,9,5,2007,Ex,Ex,Typ,Attchd,WD,239000
965,11316,AllPub,2Story,7,5,2003,Ex,Gd,Typ,BuiltIn,WD,214900
966,10237,AllPub,2Story,6,5,2007,Ex,Gd,Typ,Attchd,New,178900
967,9600,AllPub,1.5Fin,5,7,1950,Ex,TA,Min2,Detchd,WD,160000
968,7390,AllPub,1Story,5,7,1955,TA,TA,Typ,Attchd,WD,135000
969,5925,AllPub,1.5Fin,3,6,1950,Fa,TA,Typ,NA,WD,37900
970,10382,AllPub,SLvl,6,5,1958,TA,TA,Typ,Attchd,ConLD,140000
971,10800,AllPub,1.5Fin,4,4,1950,TA,TA,Typ,NA,WD,135000
972,2268,AllPub,2Story,7,5,2004,Ex,Gd,Typ,BuiltIn,WD,173000
973,7892,AllPub,1Story,6,5,1979,TA,TA,Typ,Attchd,WD,99500
974,11639,AllPub,1Story,7,5,2008,Ex,Gd,Typ,Attchd,New,182000
975,11414,AllPub,2Story,7,8,1993,TA,Gd,Typ,Detchd,WD,167500
976,2651,AllPub,2Story,7,5,2000,Ex,Gd,Typ,Detchd,WD,165000
977,5900,AllPub,1Story,4,7,1958,TA,Fa,Typ,NA,WD,85500
978,4274,AllPub,1Story,7,5,2007,Ex,Gd,Typ,Attchd,New,199900
979,9450,AllPub,1Story,4,5,1954,Ex,TA,Typ,Detchd,WD,110000
980,8816,AllPub,1Story,5,6,1963,TA,TA,Typ,Detchd,WD,139000
981,12122,AllPub,SFoyer,7,9,2007,Gd,Ex,Typ,Attchd,WD,178400
982,12203,AllPub,2Story,8,5,1999,Ex,Gd,Typ,Attchd,WD,336000
983,3182,AllPub,1Story,7,5,2007,Ex,Gd,Typ,Attchd,WD,159895
984,11250,AllPub,2Story,8,5,2002,Ex,Gd,Typ,Attchd,WD,255900
985,10125,AllPub,1.5Fin,5,5,1977,TA,Gd,Typ,Attchd,COD,126000
986,10880,AllPub,1Story,5,5,1950,TA,TA,Typ,Detchd,ConLD,125000
987,5310,AllPub,1.5Fin,6,8,2003,Gd,Gd,Typ,Attchd,WD,117000
988,10159,AllPub,1Story,9,5,2010,Ex,Ex,Typ,Attchd,New,395192
989,12046,AllPub,2Story,6,6,1976,TA,Gd,Typ,Attchd,WD,195000
990,8125,AllPub,2Story,7,5,2006,Ex,Gd,Typ,Attchd,New,197000
991,9452,AllPub,2Story,8,5,1998,Ex,Gd,Typ,Attchd,WD,348000
992,17671,AllPub,2Story,8,9,1986,Gd,Gd,Typ,Attchd,WD,168000
993,9760,AllPub,2Story,6,8,1993,Gd,Gd,Typ,Attchd,WD,187000
994,8846,AllPub,2Story,6,5,2006,Ex,Gd,Typ,Attchd,New,173900
995,12456,AllPub,1Story,10,5,2007,Ex,Ex,Typ,Attchd,WD,337500
996,4712,AllPub,1.5Fin,4,7,1950,TA,TA,Typ,Detchd,WD,121600
997,10659,AllPub,1Story,5,6,1961,TA,TA,Typ,Attchd,COD,136500
998,11717,AllPub,1Story,6,6,1970,TA,TA,Typ,Attchd,WD,185000
999,9786,AllPub,1Story,3,4,1950,Fa,TA,Typ,Detchd,WD,91000
1000,6762,AllPub,1Story,7,5,2006,Ex,Gd,Typ,Attchd,WD,206000
1001,10206,AllPub,1Story,3,3,1952,Fa,Fa,Min1,Detchd,WD,82000
1002,5400,AllPub,1Story,5,6,1950,Ex,Ex,Typ,Detchd,WD,86000
1003,11957,AllPub,1Story,8,5,2006,Ex,Gd,Typ,Attchd,WD,232000
1004,11500,AllPub,1Story,5,6,1976,Fa,TA,Typ,Detchd,WD,136905
1005,3182,AllPub,1Story,7,5,2006,Ex,Gd,Typ,Attchd,WD,181000
1006,8385,AllPub,SLvl,5,8,1977,TA,TA,Typ,Attchd,WD,149900
1007,12155,AllPub,1Story,6,3,1970,Gd,TA,Typ,Attchd,WD,163500
1008,2217,AllPub,2Story,4,4,1970,TA,TA,Typ,Attchd,WD,88000
1009,12118,AllPub,1Story,7,5,2005,Ex,Gd,Typ,Attchd,WD,240000
1010,6000,AllPub,1.5Fin,5,5,1950,Ex,TA,Typ,NA,WD,102000
1011,21286,AllPub,1.5Fin,5,5,1950,TA,TA,Typ,Attchd,WD,135000
1012,9825,AllPub,1Story,5,5,1965,TA,TA,Typ,NA,WD,100000
1013,10592,AllPub,2Story,6,7,1996,TA,Gd,Typ,Detchd,WD,165000
1014,7200,AllPub,1Story,5,4,2006,TA,TA,Maj2,Detchd,WD,85000
1015,11664,AllPub,1Story,6,5,1950,TA,TA,Typ,Detchd,WD,119200
1016,8400,AllPub,2Story,8,6,2001,Ex,Gd,Typ,Attchd,WD,227000
1017,11883,AllPub,1Story,7,5,1996,Ex,Gd,Typ,Attchd,WD,203000
1018,5814,AllPub,1Story,8,5,1984,Gd,Gd,Typ,Attchd,COD,187500
1019,10784,AllPub,SLvl,7,5,1992,Gd,Gd,Typ,Attchd,WD,160000
1020,3013,AllPub,1Story,7,5,2005,Ex,Gd,Typ,Attchd,WD,213490
1021,7024,AllPub,1Story,4,5,2005,Ex,Gd,Typ,Attchd,WD,176000
1022,7406,AllPub,1Story,7,5,2006,Ex,Gd,Typ,Attchd,New,194000
1023,9439,AllPub,1.5Fin,5,5,1950,Gd,TA,Typ,Detchd,WD,87000
1024,3182,AllPub,1Story,7,5,2006,Ex,Gd,Typ,Attchd,WD,191000
1025,15498,AllPub,1Story,8,6,1976,TA,Gd,Typ,Attchd,COD,287000
1026,7700,AllPub,1Story,5,5,1972,TA,TA,Typ,Detchd,WD,112500
1027,9300,AllPub,1Story,5,5,1960,TA,TA,Typ,Attchd,WD,167500
1028,9520,AllPub,1Story,8,5,2008,Ex,Gd,Typ,Attchd,New,293077
1029,9492,AllPub,1.5Fin,5,5,1950,TA,TA,Typ,Attchd,WD,105000
1030,1680,AllPub,2Story,6,7,1972,Gd,TA,Typ,Detchd,WD,118000
1031,7082,AllPub,2Story,5,8,1995,Gd,TA,Typ,NA,WD,160000
1032,15863,AllPub,2.5Fin,7,3,1970,Ex,TA,Typ,Basment,WD,197000
1033,14541,AllPub,2Story,8,7,1993,Ex,Gd,Typ,Attchd,WD,310000
1034,8125,AllPub,1Story,7,5,2002,Ex,Gd,Typ,Attchd,WD,230000
1035,6305,AllPub,1Story,5,7,1950,Ex,Fa,Typ,Basment,WD,119750
1036,11500,AllPub,1Story,4,3,1957,Ex,TA,Typ,Detchd,WD,84000
1037,12898,AllPub,1Story,9,5,2008,Ex,Ex,Typ,Attchd,WD,315500
1038,9240,AllPub,2Story,8,5,2002,Ex,Gd,Typ,BuiltIn,WD,287000
1039,1533,AllPub,2Story,4,6,2008,TA,TA,Typ,NA,WD,97000
1040,1477,AllPub,SFoyer,4,4,1970,TA,TA,Typ,Attchd,WD,80000
1041,13125,AllPub,1Story,5,4,2000,Ex,TA,Maj1,Attchd,WD,155000
1042,9130,AllPub,2Story,6,8,2000,Gd,Gd,Typ,Attchd,WD,173000
1043,5381,AllPub,1Story,6,5,2005,Ex,Gd,Typ,Attchd,WD,196000
1044,11839,AllPub,2Story,7,5,1990,Ex,Gd,Typ,Attchd,WD,262280
1045,9600,AllPub,1Story,8,5,1981,TA,Gd,Typ,Attchd,WD,278000
1046,13680,AllPub,1Story,3,5,1955,Ex,TA,Min2,Attchd,WD,139600
1047,16056,AllPub,2Story,9,5,2006,Ex,Ex,Typ,BuiltIn,New,556581
1048,9245,AllPub,1Story,5,5,1995,Ex,TA,Typ,Detchd,WD,145000
1049,21750,AllPub,1Story,5,4,2006,TA,TA,Min1,Attchd,WD,115000
1050,11100,AllPub,1Story,4,7,2006,Ex,Gd,Typ,Detchd,WD,84900
1051,8993,AllPub,1Story,7,5,2007,Ex,Gd,Typ,Attchd,New,176485
1052,11175,AllPub,1Story,7,5,2007,Ex,Gd,Typ,Attchd,New,200141
1053,9500,AllPub,2Story,6,6,1978,TA,TA,Typ,Attchd,WD,165000
1054,8562,AllPub,1Story,5,6,2002,Ex,TA,Min2,Basment,WD,144500
1055,11367,AllPub,2Story,8,5,2002,Ex,Gd,Typ,Attchd,WD,255000
1056,11361,AllPub,1Story,6,5,1976,TA,TA,Typ,Attchd,COD,180000
1057,7052,AllPub,1Story,7,5,2005,Ex,Gd,Typ,Attchd,WD,185850
1058,29959,AllPub,2Story,7,6,1994,Ex,Gd,Typ,BuiltIn,WD,248000
1059,11308,AllPub,2Story,9,5,2008,Ex,Ex,Typ,Attchd,WD,335000
1060,11275,AllPub,1.5Fin,6,7,1950,TA,TA,Typ,Detchd,WD,220000
1061,4920,AllPub,1Story,8,5,2001,Ex,Gd,Typ,Attchd,WD,213500
1062,18000,AllPub,1Story,3,4,1950,TA,TA,Typ,Detchd,ConLD,81000
1063,13600,AllPub,2Story,5,5,1950,TA,TA,Min2,Detchd,WD,90000
1064,6000,AllPub,1Story,6,6,1980,Gd,Gd,Typ,Detchd,WD,110500
1065,11000,AllPub,1Story,5,6,1966,Ex,TA,Typ,Attchd,WD,154000
1066,14000,AllPub,2Story,7,5,1997,Ex,Gd,Typ,Attchd,WD,328000
1067,7837,AllPub,2Story,6,7,1994,Gd,TA,Typ,Attchd,WD,178000
1068,9760,AllPub,2Story,6,6,1964,TA,TA,Typ,Attchd,WD,167900
1069,3964,AllPub,2Story,6,4,1973,Gd,TA,Maj1,Attchd,WD,151400
1070,9600,AllPub,1.5Unf,5,7,2003,TA,Gd,Typ,Detchd,WD,135000
1071,10152,AllPub,1Story,5,5,1956,TA,TA,Typ,Attchd,WD,135000
1072,11700,AllPub,2Story,6,6,1968,Ex,TA,Typ,Attchd,WD,154000
1073,7585,AllPub,1.5Fin,5,3,1950,Fa,TA,Typ,Detchd,WD,91500
1074,7950,AllPub,2Story,6,6,1977,TA,TA,Typ,Attchd,WD,159500
1075,8556,AllPub,1Story,7,5,2006,Ex,Gd,Typ,Attchd,WD,194000
1076,13125,AllPub,2Story,7,6,1984,TA,TA,Typ,Attchd,CWD,219500
1077,10800,AllPub,1.5Fin,5,8,1989,Gd,Gd,Min1,Attchd,WD,170000
1078,15870,AllPub,1Story,5,5,1969,Ex,TA,Typ,Attchd,WD,138800
1079,4435,AllPub,1Story,6,5,2004,Ex,Gd,Typ,Attchd,WD,155900
1080,8775,AllPub,1Story,5,5,1994,Gd,TA,Typ,Attchd,WD,126000
1081,11040,AllPub,1Story,6,7,2004,Ex,Gd,Typ,Attchd,COD,145000
1082,7500,AllPub,1Story,5,5,1963,Fa,TA,Typ,Attchd,WD,133000
1083,8749,AllPub,1Story,7,5,2002,Ex,Gd,Typ,Attchd,WD,192000
1084,8800,AllPub,1Story,6,6,1964,TA,TA,Typ,Attchd,WD,160000
1085,13031,AllPub,2Story,6,5,1996,Gd,TA,Typ,Attchd,WD,187500
1086,9069,AllPub,SFoyer,6,6,1992,Ex,Gd,Typ,Attchd,WD,147000
1087,1974,AllPub,2Story,4,5,1973,TA,TA,Typ,Attchd,WD,83500
1088,10574,AllPub,2Story,8,5,2006,Ex,Gd,Typ,Attchd,WD,252000
1089,2522,AllPub,2Story,7,5,2004,Ex,Gd,Maj1,Detchd,WD,137500
1090,3316,AllPub,1Story,8,5,2005,Ex,Gd,Typ,Attchd,WD,197000
1091,8544,AllPub,1Story,3,4,1950,Fa,TA,Typ,Detchd,WD,92900
1092,2160,AllPub,2Story,7,5,2000,Ex,Gd,Typ,Detchd,WD,160000
1093,8400,AllPub,1.5Fin,6,5,1950,Fa,TA,Typ,Detchd,WD,136500
1094,9230,AllPub,1Story,5,8,1998,Gd,Gd,Typ,Detchd,WD,146000
1095,5868,AllPub,1Story,5,7,2000,Ex,TA,Typ,Attchd,WD,129000
1096,9317,AllPub,1Story,6,5,2006,Gd,Gd,Typ,Attchd,WD,176432
1097,6882,AllPub,2Story,6,7,2006,TA,Gd,Typ,NA,WD,127000
1098,3696,AllPub,1Story,8,5,1986,Ex,Gd,Typ,Attchd,WD,170000
1099,6000,AllPub,1.5Fin,4,6,1950,TA,TA,Typ,Detchd,WD,128000
1100,11880,AllPub,1Story,7,5,1978,TA,TA,Typ,Attchd,COD,157000
1101,8400,AllPub,1Story,2,5,1950,TA,Fa,Typ,Detchd,WD,60000
1102,9758,AllPub,1Story,5,5,1971,TA,TA,Typ,Detchd,WD,119500
1103,7000,AllPub,1Story,5,7,2002,Ex,TA,Typ,Attchd,WD,135000
1104,8910,AllPub,1Story,6,6,1959,Ex,TA,Typ,BuiltIn,WD,159500
1105,2016,AllPub,2Story,5,5,1970,TA,TA,Typ,Detchd,WD,106000
1106,12256,AllPub,2Story,8,5,1995,Ex,Gd,Typ,Attchd,WD,325000
1107,10357,AllPub,1Story,7,5,1991,Gd,Gd,Typ,Attchd,WD,179900
1108,23257,AllPub,2Story,7,5,2006,Ex,Gd,Typ,BuiltIn,New,274725
1109,8063,AllPub,2Story,6,5,2000,Ex,TA,Typ,Attchd,WD,181000
1110,11362,AllPub,1Story,8,5,2005,Ex,Gd,Typ,Attchd,WD,280000
1111,8000,AllPub,2Story,6,5,1996,Gd,TA,Typ,Attchd,WD,188000
1112,10480,AllPub,2Story,7,6,1976,TA,TA,Typ,Attchd,WD,205000
1113,7100,AllPub,1Story,5,7,1957,TA,TA,Typ,Detchd,WD,129900
1114,8923,AllPub,1Story,5,7,2006,Gd,Gd,Typ,Attchd,WD,134500
1115,5400,AllPub,1Story,5,7,2000,Ex,Gd,Typ,Detchd,WD,117000
1116,12085,AllPub,1Story,8,5,2007,Ex,Ex,Typ,Attchd,New,318000
1117,7750,AllPub,SLvl,8,5,2002,Ex,Gd,Typ,BuiltIn,WD,184100
1118,9764,AllPub,1Story,5,7,2003,Ex,Gd,Typ,Attchd,WD,130000
1119,13825,AllPub,SLvl,5,6,1987,TA,TA,Min2,BuiltIn,WD,140000
1120,7560,AllPub,1Story,5,5,1959,TA,TA,Typ,Attchd,WD,133700
1121,8263,AllPub,1Story,6,5,1950,TA,TA,Typ,Detchd,WD,118400
1122,10084,AllPub,1Story,7,5,2006,Ex,Gd,Typ,Attchd,New,212900
1123,8926,AllPub,1Story,4,3,1956,Ex,TA,Typ,Basment,COD,112000
1124,9405,AllPub,1Story,5,9,2008,Ex,TA,Typ,NA,WD,118000
1125,9125,AllPub,SLvl,7,5,1992,Gd,Gd,Typ,Attchd,WD,163900
1126,10434,AllPub,1Story,4,5,1955,TA,Fa,Typ,Detchd,WD,115000
1127,3684,AllPub,1Story,7,5,2007,Ex,Gd,Typ,Attchd,WD,174000
1128,14572,AllPub,1Story,7,5,2004,Ex,Gd,Typ,Attchd,WD,259000
1129,11796,AllPub,2Story,7,5,2005,Ex,Gd,Typ,BuiltIn,WD,215000
1130,7200,AllPub,SFoyer,5,5,1980,TA,TA,Typ,Detchd,WD,140000
1131,7804,AllPub,1.5Fin,4,3,1950,TA,Gd,Min2,Detchd,WD,135000
1132,10712,AllPub,1Story,5,5,1992,TA,TA,Typ,NA,Oth,93500
1133,9900,AllPub,2Story,6,4,1950,TA,Fa,Typ,Detchd,WD,117500
1134,9828,AllPub,2Story,8,5,1995,Ex,Gd,Typ,Attchd,WD,239500
1135,8773,AllPub,2Story,6,5,1997,Gd,TA,Typ,Attchd,WD,169000
1136,6180,AllPub,1Story,6,5,1950,TA,TA,Typ,Detchd,WD,102000
1137,9600,AllPub,1.5Fin,6,5,1950,TA,TA,Typ,Attchd,WD,119000
1138,6342,AllPub,1.5Fin,5,8,1996,Gd,TA,Typ,NA,WD,94000
1139,9819,AllPub,1Story,6,5,1977,TA,Gd,Typ,Attchd,WD,196000
1140,8731,AllPub,1Story,5,5,1950,TA,TA,Maj1,Detchd,WD,144000
1141,7350,AllPub,1Story,5,7,1951,TA,TA,Typ,Detchd,COD,139000
1142,10304,AllPub,2Story,5,7,1976,Ex,Gd,Typ,Attchd,WD,197500
1143,9965,AllPub,2Story,8,5,2007,Ex,Gd,Typ,BuiltIn,New,424870
1144,9000,AllPub,1Story,5,3,1959,TA,TA,Typ,NA,WD,80000
1145,12180,AllPub,1.5Fin,4,4,1950,Fa,Fa,Typ,Detchd,WD,80000
1146,6240,AllPub,1.5Fin,5,6,1950,Ex,TA,Typ,Detchd,WD,149000
1147,11200,AllPub,1Story,6,5,1985,TA,Gd,Typ,Attchd,WD,180000
1148,12000,AllPub,2Story,7,7,1950,Ex,Fa,Typ,Attchd,WD,174500
1149,5700,AllPub,1.5Fin,7,7,1950,TA,TA,Typ,Detchd,WD,116900
1150,9000,AllPub,2Story,7,9,1988,Ex,TA,Typ,Detchd,WD,143000
1151,8280,AllPub,1Story,6,5,1950,Ex,Gd,Typ,Attchd,WD,124000
1152,17755,AllPub,1Story,5,4,1959,TA,Fa,Typ,Attchd,WD,149900
1153,14115,AllPub,1Story,6,7,2004,Ex,Ex,Typ,Attchd,WD,230000
1154,5890,AllPub,1Story,6,8,2007,Ex,TA,Typ,Detchd,WD,120500
1155,13700,AllPub,2Story,7,6,1988,TA,Gd,Typ,Attchd,WD,201800
1156,10768,AllPub,1Story,5,8,2004,TA,Gd,Typ,Attchd,WD,218000
1157,9350,AllPub,SLvl,5,8,1999,Gd,Gd,Typ,Attchd,WD,179900
1158,5001,AllPub,1Story,7,5,2008,Ex,Gd,Typ,Attchd,WD,230000
1159,11932,AllPub,1Story,8,5,2008,Ex,Gd,Typ,Attchd,ConLD,235128
1160,9120,AllPub,2Story,6,6,1974,TA,Gd,Typ,Attchd,WD,185000
1161,2280,AllPub,2Story,6,5,1978,Fa,TA,Typ,Attchd,WD,146000
1162,14778,AllPub,1Story,6,7,2006,Ex,Gd,Typ,Detchd,WD,224000
1163,8724,AllPub,1Story,5,5,1968,Gd,TA,Typ,Attchd,WD,129000
1164,12900,AllPub,SFoyer,4,4,1969,TA,TA,Typ,CarPort,WD,108959
1165,16157,AllPub,SLvl,5,7,1978,Ex,Gd,Typ,Attchd,WD,194000
1166,9541,AllPub,1Story,7,5,2009,Ex,Gd,Typ,Attchd,New,233170
1167,10475,AllPub,1Story,8,5,2008,Ex,Gd,Typ,Attchd,WD,245350
1168,10852,AllPub,2Story,6,5,2000,Ex,TA,Typ,Attchd,WD,173000
1169,13728,AllPub,2Story,6,7,1986,Ex,Gd,Typ,Basment,WD,235000
1170,35760,AllPub,2Story,10,5,1996,Ex,Gd,Typ,Attchd,WD,625000
1171,9880,AllPub,SLvl,6,6,1977,TA,TA,Typ,Attchd,WD,171000
1172,9120,AllPub,1Story,6,6,1958,Ex,TA,Typ,Attchd,WD,163000
1173,4017,AllPub,2Story,7,5,2007,Ex,Gd,Typ,Detchd,WD,171900
1174,18030,AllPub,1.5Fin,5,6,1994,TA,Ex,Maj1,NA,WD,200500
1175,16560,AllPub,2Story,6,8,1950,TA,TA,Typ,Detchd,WD,239000
1176,10678,AllPub,1.5Fin,8,5,2000,Ex,Gd,Typ,Attchd,WD,285000
1177,6951,AllPub,1Story,5,5,1985,TA,TA,Typ,Attchd,WD,119500
1178,3950,AllPub,1.5Fin,6,8,2004,TA,TA,Typ,Detchd,WD,115000
1179,7681,AllPub,1.5Fin,5,6,1950,Ex,TA,Typ,Detchd,WD,154900
1180,8335,AllPub,1Story,5,5,1954,Gd,TA,Min2,NA,WD,93000
1181,11170,AllPub,2Story,7,5,1991,Ex,TA,Typ,Attchd,WD,250000
1182,5587,AllPub,1Story,8,5,2008,Ex,Gd,Typ,Attchd,New,392500
1183,15623,AllPub,2Story,10,5,1996,Ex,Ex,Typ,Attchd,WD,745000
1184,10800,AllPub,1Story,5,6,1950,Ex,TA,Typ,Detchd,WD,120000
1185,35133,AllPub,1Story,5,4,1963,Gd,TA,Typ,2Types,WD,186700
1186,9738,AllPub,1.5Fin,5,7,1950,Gd,TA,Typ,Attchd,WD,104900
1187,10615,AllPub,2Story,3,5,1970,TA,TA,Typ,CarPort,WD,95000
1188,12461,AllPub,1Story,8,5,1995,Ex,Gd,Typ,Attchd,WD,262000
1189,8935,AllPub,2Story,7,5,2002,Ex,Gd,Typ,Attchd,WD,195000
1190,7500,AllPub,2Story,7,5,1999,Gd,Gd,Typ,Attchd,WD,189000
1191,32463,AllPub,1Story,4,4,1975,Ex,TA,Typ,2Types,WD,168000
1192,2645,AllPub,2Story,8,5,2000,Ex,Gd,Typ,Detchd,WD,174000
1193,9600,AllPub,1.5Fin,5,8,1994,Gd,Gd,Typ,Detchd,WD,125000
1194,4500,AllPub,1Story,6,5,1999,Ex,TA,Typ,Attchd,WD,165000
1195,9364,AllPub,2Story,6,7,1969,TA,TA,Typ,Attchd,WD,158000
1196,8029,AllPub,2Story,6,5,2005,Ex,Gd,Typ,Attchd,WD,176000
1197,14054,AllPub,2Story,7,5,2006,Ex,Gd,Typ,BuiltIn,New,219210
1198,8850,AllPub,2.5Unf,7,6,1950,Ex,TA,Typ,Detchd,ConLw,144000
1199,9100,AllPub,1Story,7,5,2001,Ex,Gd,Typ,Attchd,WD,178000
1200,11235,AllPub,1Story,4,5,1979,Gd,TA,Typ,Attchd,WD,148000
1201,9353,AllPub,1Story,4,5,1970,Gd,TA,Typ,Attchd,Oth,116050
1202,10400,AllPub,2Story,7,5,1998,Ex,Gd,Typ,Attchd,WD,197900
1203,6000,AllPub,1.5Fin,5,8,1997,Ex,TA,Typ,Detchd,WD,117000
1204,9750,AllPub,1Story,7,5,2001,Ex,Gd,Typ,Attchd,WD,213000
1205,10140,AllPub,1Story,5,6,1975,Ex,TA,Typ,Attchd,WD,153500
1206,14684,AllPub,1Story,7,7,1991,Gd,Gd,Typ,Attchd,WD,271900
1207,8900,AllPub,1Story,4,4,1966,TA,TA,Typ,Detchd,WD,107000
1208,9135,AllPub,1Story,6,5,2003,Ex,Gd,Typ,Attchd,WD,200000
1209,7763,AllPub,1Story,5,7,1980,TA,TA,Typ,Detchd,WD,140000
1210,10182,AllPub,1Story,8,5,2006,Ex,Gd,Typ,Attchd,New,290000
1211,11218,AllPub,2Story,6,5,1992,Ex,Gd,Typ,Attchd,WD,189000
1212,12134,AllPub,1.5Fin,8,7,2005,Gd,TA,Typ,Basment,WD,164000
1213,9340,AllPub,1Story,4,6,1950,TA,TA,Typ,Attchd,WD,113000
1214,10246,AllPub,SLvl,4,9,2001,Ex,TA,Typ,Attchd,WD,145000
1215,10205,AllPub,SFoyer,5,5,1962,TA,TA,Typ,Attchd,WD,134500
1216,7094,AllPub,1Story,5,5,1966,TA,TA,Typ,Detchd,WD,125000
1217,8930,AllPub,1.5Fin,6,5,1978,TA,TA,Typ,Attchd,WD,112000
1218,8640,AllPub,1Story,8,5,2009,Ex,Gd,Typ,Attchd,New,229456
1219,6240,AllPub,1.5Fin,4,5,1950,Gd,TA,Typ,NA,WD,80500
1220,1680,AllPub,2Story,6,5,1971,TA,TA,Typ,NA,WD,91500
1221,7800,AllPub,1Story,5,5,1964,TA,TA,Typ,Attchd,WD,115000
1222,8250,AllPub,1Story,5,5,1968,Ex,TA,Typ,Attchd,WD,134000
1223,10496,AllPub,1.5Fin,6,6,1950,Ex,TA,Typ,Attchd,WD,143000
1224,10680,AllPub,1Story,5,3,1951,TA,TA,Mod,Detchd,WD,137900
1225,15384,AllPub,2Story,7,5,2005,Ex,Gd,Typ,Attchd,WD,184000
1226,10482,AllPub,SLvl,6,8,1958,Ex,TA,Typ,Attchd,WD,145000
1227,14598,AllPub,2Story,6,5,2007,Ex,Gd,Typ,BuiltIn,WD,214000
1228,8872,AllPub,1Story,5,8,2008,Ex,Gd,Typ,Detchd,WD,147000
1229,8769,AllPub,1Story,9,5,2008,Ex,Ex,Typ,Attchd,New,367294
1230,7910,AllPub,SLvl,5,5,1960,Gd,TA,Maj1,Basment,WD,127000
1231,18890,AllPub,1.5Fin,5,5,1977,Ex,TA,Typ,BuiltIn,WD,190000
1232,7728,AllPub,SLvl,5,6,1962,TA,TA,Typ,Attchd,WD,132500
1233,9842,AllPub,1Story,4,5,1962,TA,TA,Typ,CarPort,WD,101800
1234,12160,AllPub,1Story,5,5,1959,Fa,TA,Typ,Attchd,COD,142000
1235,8525,AllPub,2Story,5,6,1950,TA,TA,Typ,NA,WD,130000
1236,13132,AllPub,2Story,5,5,1950,Gd,TA,Typ,Detchd,WD,138887
1237,2628,AllPub,2Story,7,5,2003,Ex,Gd,Typ,BuiltIn,WD,175500
1238,12393,AllPub,2Story,7,5,2005,Ex,Gd,Typ,BuiltIn,WD,195000
1239,13072,AllPub,1Story,6,5,2005,Ex,TA,Typ,Detchd,WD,142500
1240,9037,AllPub,1Story,8,5,2006,Ex,Ex,Typ,Attchd,WD,265900
1241,8158,AllPub,2Story,7,5,2003,Ex,Gd,Typ,Attchd,WD,224900
1242,9849,AllPub,1Story,7,6,2007,Ex,Gd,Typ,Attchd,New,248328
1243,10625,AllPub,SFoyer,7,6,1974,TA,Gd,Typ,Attchd,WD,170000
1244,13891,AllPub,1Story,10,5,2006,Ex,Ex,Typ,Attchd,New,465000
1245,11435,AllPub,2Story,8,7,1950,Fa,Gd,Typ,Detchd,WD,230000
1246,12090,AllPub,SLvl,6,7,2003,Ex,TA,Typ,BuiltIn,WD,178000
1247,8125,AllPub,2Story,7,5,2006,Ex,Gd,Typ,Attchd,New,186500
1248,12328,AllPub,SLvl,6,5,1976,TA,TA,Typ,Attchd,WD,169900
1249,9600,AllPub,2.5Unf,6,5,1950,Fa,TA,Typ,Detchd,WD,129500
1250,7200,AllPub,1Story,5,7,1950,TA,TA,Typ,Attchd,WD,119000
1251,11160,AllPub,1Story,7,5,1968,Ex,Ex,Typ,Attchd,WD,244000
1252,3136,AllPub,1Story,7,5,2003,Ex,Gd,Typ,Attchd,WD,171750
1253,9858,AllPub,1Story,5,6,1968,TA,TA,Typ,Attchd,WD,130000
1254,17542,AllPub,2Story,7,7,2003,TA,Gd,Typ,Attchd,WD,294000
1255,6931,AllPub,2Story,7,5,2004,Ex,Gd,Typ,BuiltIn,WD,165400
1256,6240,AllPub,1.5Fin,6,6,1950,TA,TA,Typ,Detchd,WD,127500
1257,14303,AllPub,1Story,8,5,1994,Ex,Gd,Typ,Attchd,WD,301500
1258,4060,AllPub,1Story,5,8,1950,Ex,TA,Typ,NA,WD,99900
1259,9587,AllPub,SLvl,7,5,2005,Ex,Gd,Typ,Attchd,WD,190000
1260,9750,AllPub,1Story,6,8,1969,Gd,TA,Typ,Attchd,WD,151000
1261,24682,AllPub,2Story,6,5,1999,Ex,TA,Typ,BuiltIn,WD,181000
1262,9600,AllPub,1Story,5,6,1956,Gd,TA,Typ,Attchd,WD,128900
1263,11250,AllPub,1.5Fin,4,5,1989,Ex,TA,Min2,Attchd,WD,161500
1264,13515,AllPub,2Story,6,6,1950,Ex,TA,Typ,Detchd,WD,180500
1265,4060,AllPub,1Story,6,5,1999,Ex,Gd,Typ,Attchd,COD,181000
1266,3735,AllPub,2Story,7,5,1999,Ex,Gd,Typ,Detchd,WD,183900
1267,10120,AllPub,2.5Unf,7,4,1950,TA,TA,Typ,Detchd,WD,122000
1268,13214,AllPub,1Story,9,5,2009,Ex,Ex,Typ,Attchd,WD,378500
1269,14100,AllPub,1.5Fin,8,9,1997,Ex,Gd,Typ,BuiltIn,WD,381000
1270,11344,AllPub,1.5Fin,5,5,1958,TA,TA,Typ,Attchd,WD,144000
1271,23595,AllPub,1Story,7,6,1979,TA,Gd,Typ,Attchd,WD,260000
1272,9156,AllPub,1Story,6,7,1968,Gd,Gd,Typ,Attchd,WD,185750
1273,13526,AllPub,1Story,5,6,1965,TA,TA,Typ,Attchd,WD,137000
1274,11512,AllPub,SLvl,6,7,2006,Gd,Ex,Typ,Basment,WD,177000
1275,5362,AllPub,1.5Fin,5,6,2003,Ex,TA,Typ,Detchd,WD,139000
1276,11345,AllPub,2Story,5,5,1950,Gd,TA,Typ,Detchd,WD,137000
1277,12936,AllPub,2Story,6,6,1972,TA,TA,Typ,Attchd,WD,162000
1278,17871,AllPub,SLvl,6,5,1976,Fa,TA,Typ,Attchd,WD,197900
1279,9473,AllPub,2Story,8,5,2002,Ex,Gd,Typ,Attchd,WD,237000
1280,7500,AllPub,1.5Fin,4,4,1950,TA,TA,Typ,Detchd,COD,68400
1281,9808,AllPub,1Story,7,5,2002,Ex,Gd,Typ,Attchd,WD,227000
1282,8049,AllPub,1Story,7,5,1990,TA,TA,Typ,Attchd,WD,180000
1283,8800,AllPub,1Story,5,7,2008,TA,Gd,Typ,Detchd,WD,150500
1284,9400,AllPub,2Story,6,5,1971,TA,TA,Typ,NA,WD,139000
1285,9638,AllPub,1.5Fin,6,7,1990,Ex,Gd,Min2,Detchd,WD,169000
1286,6000,AllPub,1.5Fin,6,6,1950,Ex,TA,Typ,Detchd,WD,132500
1287,9790,AllPub,1Story,6,5,1963,TA,TA,Typ,Attchd,WD,143000
1288,36500,AllPub,1Story,5,5,1964,Fa,TA,Typ,Attchd,WD,190000
1289,5664,AllPub,1Story,8,5,2000,Ex,Ex,Typ,Attchd,WD,278000
1290,11065,AllPub,2Story,8,5,2006,Ex,Ex,Typ,BuiltIn,New,281000
1291,14112,AllPub,SLvl,5,7,1964,TA,TA,Typ,Attchd,WD,180500
1292,1680,AllPub,2Story,5,7,1972,TA,TA,Typ,Detchd,WD,119500
1293,6600,AllPub,2Story,5,4,1965,TA,TA,Min2,Attchd,WD,107500
1294,10140,AllPub,2Story,7,5,1976,TA,TA,Typ,Attchd,WD,162900
1295,8172,AllPub,1Story,5,7,1990,TA,TA,Typ,Detchd,WD,115000
1296,8400,AllPub,1Story,5,5,1968,Gd,TA,Typ,Attchd,WD,138500
1297,8700,AllPub,1Story,5,6,1963,Gd,TA,Typ,Attchd,WD,155000
1298,3675,AllPub,SFoyer,6,5,2006,Gd,TA,Typ,Basment,New,140000
1299,63887,AllPub,2Story,10,5,2008,Ex,Ex,Typ,Attchd,New,160000
1300,7500,AllPub,1Story,5,7,1994,Ex,Gd,Typ,Attchd,WD,154000
1301,10762,AllPub,2Story,7,5,1999,Ex,Gd,Typ,Attchd,WD,225000
1302,7500,AllPub,2Story,6,7,1950,Fa,Gd,Typ,Attchd,WD,177500
1303,10120,AllPub,2Story,8,5,1994,Ex,Gd,Typ,Attchd,WD,290000
1304,8688,AllPub,1Story,7,5,2005,Ex,Gd,Typ,Attchd,WD,232000
1305,3363,AllPub,2Story,7,5,2004,Ex,Gd,Maj1,Detchd,WD,130000
1306,13173,AllPub,1Story,9,5,2007,Ex,Ex,Typ,Attchd,WD,325000
1307,6955,AllPub,1Story,7,5,2006,Ex,Gd,Typ,Attchd,New,202500
1308,8072,AllPub,1Story,5,5,1995,Ex,TA,Typ,Detchd,WD,138000
1309,12000,AllPub,1Story,5,7,2005,Ex,Gd,Typ,Attchd,WD,147000
1310,7153,AllPub,1Story,6,5,1991,Gd,Gd,Typ,Attchd,WD,179200
1311,17500,AllPub,1Story,7,8,2002,TA,Ex,Typ,Attchd,WD,335000
1312,8814,AllPub,1Story,7,5,2007,Ex,Gd,Typ,Attchd,New,203000
1313,9572,AllPub,2Story,8,5,1990,Ex,Gd,Typ,Attchd,WD,302000
1314,14774,AllPub,2Story,9,5,1999,Ex,Gd,Typ,BuiltIn,WD,333168
1315,8190,AllPub,1Story,4,6,1954,Ex,TA,Typ,Detchd,WD,119000
1316,11075,AllPub,2Story,6,5,1969,TA,TA,Typ,Attchd,WD,206900
1317,10226,AllPub,1Story,8,5,2008,Ex,Ex,Typ,Attchd,WD,295493
1318,4230,AllPub,1Story,7,5,2007,Ex,Gd,Typ,Attchd,New,208900
1319,14781,AllPub,1Story,8,5,2002,Ex,Gd,Typ,Attchd,WD,275000
1320,10215,AllPub,1Story,4,5,1954,Ex,TA,Typ,Attchd,WD,111000
1321,8400,AllPub,1Story,6,3,1957,Gd,TA,Typ,Attchd,WD,156500
1322,6627,AllPub,1Story,3,6,1950,TA,TA,Typ,Detchd,WD,72500
1323,10186,AllPub,2Story,7,5,1992,Ex,Gd,Typ,Attchd,WD,190000
1324,5330,AllPub,1Story,4,7,1950,Gd,Fa,Typ,NA,WD,82500
1325,9986,AllPub,1Story,8,5,2007,Ex,Gd,Typ,Attchd,New,147000
1326,3636,AllPub,1Story,4,4,1950,Fa,TA,Typ,NA,WD,55000
1327,4270,AllPub,1Story,3,6,2006,Ex,Gd,Typ,NA,WD,79000
1328,6600,AllPub,1Story,5,9,2008,Ex,Gd,Typ,Attchd,WD,130500
1329,10440,AllPub,1.5Fin,6,7,1950,Ex,TA,Mod,Detchd,WD,256000
1330,9084,AllPub,2Story,7,5,1998,Gd,TA,Typ,Attchd,WD,176500
1331,10000,AllPub,1Story,8,5,2006,Ex,Gd,Typ,Attchd,WD,227000
1332,10780,AllPub,SLvl,5,5,1976,Gd,TA,Typ,Detchd,WD,132500
1333,8877,AllPub,1Story,4,6,1958,Ex,TA,Typ,Detchd,WD,100000
1334,7200,AllPub,1.5Fin,5,6,1995,Ex,Gd,Typ,Detchd,WD,125500
1335,2368,AllPub,2Story,5,6,1970,TA,TA,Min1,Attchd,WD,125000
1336,9650,AllPub,1Story,6,5,1977,TA,TA,Typ,Attchd,WD,167900
1337,9246,AllPub,1Story,5,5,1973,TA,TA,Typ,Detchd,WD,135000
1338,4118,AllPub,1Story,4,4,1950,Fa,Fa,Typ,NA,WD,52500
1339,13450,AllPub,2Story,7,5,2002,Ex,Gd,Typ,BuiltIn,WD,200000
1340,9560,AllPub,1Story,5,7,1972,Ex,TA,Typ,Attchd,WD,128500
1341,8294,AllPub,1Story,4,5,1971,TA,TA,Typ,Detchd,WD,123000
1342,13695,AllPub,1Story,6,5,2004,Ex,Gd,Typ,Detchd,WD,155000
1343,9375,AllPub,2Story,8,5,2002,Ex,Gd,Typ,Attchd,WD,228500
1344,7558,AllPub,1.5Fin,6,6,1950,Gd,TA,Typ,Detchd,WD,177000
1345,11103,AllPub,2Story,7,5,2006,Ex,Gd,Typ,Attchd,New,155835
1346,6000,AllPub,1Story,4,4,1950,Gd,Fa,Typ,Detchd,WD,108500
1347,20781,AllPub,1Story,7,7,2003,TA,TA,Typ,Attchd,WD,262500
1348,15306,AllPub,1Story,8,5,2007,Ex,Gd,Typ,Attchd,New,283463
1349,16196,AllPub,1Story,7,5,1998,Ex,Gd,Typ,Attchd,WD,215000
1350,5250,AllPub,2Story,8,5,1987,Fa,TA,Typ,NA,WD,122000
1351,11643,AllPub,2Story,5,5,1969,TA,TA,Typ,Detchd,WD,200000
1352,9247,AllPub,2Story,6,6,1962,Ex,TA,Typ,Attchd,WD,171000
1353,6000,AllPub,1.5Fin,6,9,2000,TA,TA,Typ,Detchd,WD,134900
1354,14720,AllPub,1.5Fin,8,5,1996,Ex,Gd,Typ,Attchd,WD,410000
1355,10316,AllPub,2Story,7,5,2000,Ex,Gd,Typ,Attchd,WD,235000
1356,10192,AllPub,SLvl,7,6,1992,Gd,Gd,Typ,Attchd,WD,170000
1357,9477,AllPub,1Story,5,5,1966,TA,TA,Typ,Attchd,WD,110000
1358,12537,AllPub,1Story,5,6,2008,Ex,TA,Typ,Attchd,WD,149900
1359,2117,AllPub,2Story,6,5,2000,Ex,Gd,Typ,Detchd,WD,177500
1360,16737,AllPub,1Story,9,5,2005,Ex,Ex,Typ,Attchd,WD,315000
1361,9842,AllPub,2Story,5,6,1998,Ex,TA,Typ,BuiltIn,WD,189000
1362,16158,AllPub,1Story,7,5,2005,Ex,Gd,Typ,Attchd,WD,260000
1363,12513,AllPub,1.5Fin,4,4,2007,Gd,TA,Typ,Attchd,WD,104900
1364,8499,AllPub,2Story,6,5,2007,Ex,Gd,Typ,BuiltIn,New,156932
1365,3180,AllPub,2Story,7,5,2005,Ex,Gd,Typ,Detchd,WD,144152
1366,7500,AllPub,2Story,7,5,2000,Ex,Gd,Typ,Attchd,WD,216000
1367,9179,AllPub,2Story,7,5,1999,Ex,Gd,Typ,Attchd,WD,193000
1368,2665,AllPub,2Story,5,6,1977,Ex,TA,Typ,Attchd,WD,127000
1369,4435,AllPub,1Story,6,5,2004,Ex,Gd,Typ,Attchd,WD,144000
1370,10635,AllPub,1Story,8,5,2003,Ex,Gd,Typ,Attchd,WD,232000
1371,5400,AllPub,1.5Fin,4,6,1950,Ex,TA,Typ,Detchd,WD,105000
1372,9600,AllPub,SLvl,6,6,1996,Gd,Gd,Typ,BuiltIn,WD,165500
1373,9750,AllPub,2Story,7,6,1998,Ex,Gd,Typ,Detchd,WD,274300
1374,11400,AllPub,1Story,10,5,2002,Ex,Ex,Typ,Attchd,WD,466500
1375,10625,AllPub,2Story,7,5,2005,Ex,Gd,Typ,Attchd,WD,250000
1376,10991,AllPub,1Story,8,5,2007,Ex,Gd,Typ,Attchd,New,239000
1377,6292,AllPub,1Story,6,5,1950,TA,TA,Typ,Detchd,WD,91000
1378,10998,AllPub,1.5Fin,5,5,1960,Ex,TA,Min2,Detchd,WD,117000
1379,1953,AllPub,2Story,6,5,1973,TA,TA,Typ,Detchd,WD,83000
1380,9735,AllPub,SLvl,5,5,2007,Gd,Gd,Typ,BuiltIn,WD,167500
1381,8212,AllPub,1Story,3,3,1950,TA,TA,Typ,Detchd,WD,58500
1382,12925,AllPub,1Story,6,7,1970,Ex,TA,Typ,Attchd,WD,237500
1383,7200,AllPub,2Story,7,7,1950,Ex,Gd,Typ,Detchd,WD,157000
1384,25339,AllPub,1Story,5,7,2007,Ex,Gd,Typ,Attchd,WD,112000
1385,9060,AllPub,1.5Fin,6,5,1950,TA,TA,Typ,Detchd,WD,105000
1386,5436,AllPub,1.5Fin,4,8,2007,Gd,Gd,Typ,Detchd,WD,125500
1387,16692,AllPub,2Story,7,5,1978,TA,Gd,Typ,Attchd,WD,250000
1388,8520,AllPub,1.5Fin,6,7,1950,TA,Gd,Typ,Detchd,CWD,136000
1389,14892,AllPub,1Story,9,5,2007,Ex,Ex,Typ,Attchd,WD,377500
1390,6000,AllPub,1.5Fin,6,6,1950,Ex,TA,Typ,Detchd,WD,131000
1391,9100,AllPub,1Story,7,5,2000,Ex,Gd,Typ,Attchd,WD,235000
1392,8944,AllPub,1Story,5,5,1967,TA,TA,Mod,Detchd,WD,124000
1393,7838,AllPub,SFoyer,5,5,1967,TA,TA,Typ,Attchd,WD,123000
1394,10800,AllPub,1.5Fin,6,7,2000,Ex,TA,Typ,Detchd,WD,163000
1395,4045,AllPub,1Story,7,5,2006,Ex,Gd,Typ,Attchd,New,246578
1396,12665,AllPub,2Story,8,5,2006,Ex,Gd,Typ,BuiltIn,WD,281213
1397,57200,AllPub,1Story,5,5,1950,TA,TA,Min1,Detchd,WD,160000
1398,6120,AllPub,2Story,5,8,2004,Ex,TA,Typ,Detchd,WD,137500
1399,7200,AllPub,1.5Fin,5,4,1982,Gd,TA,Min1,Attchd,WD,138000
1400,6171,AllPub,1.5Fin,6,6,1990,Ex,Gd,Typ,Detchd,WD,137450
1401,6000,AllPub,1.5Fin,6,7,1950,TA,TA,Typ,BuiltIn,WD,120000
1402,7415,AllPub,2Story,6,5,2004,Ex,TA,Typ,Attchd,WD,193000
1403,6762,AllPub,1Story,7,5,2006,Ex,Gd,Typ,Attchd,New,193879
1404,15256,AllPub,1Story,8,5,2007,Ex,Gd,Typ,Attchd,WD,282922
1405,10410,AllPub,1.5Fin,3,4,1950,TA,TA,Typ,Detchd,WD,105000
1406,3842,AllPub,1Story,8,5,2005,Ex,Gd,Typ,Attchd,WD,275000
1407,8445,AllPub,SFoyer,5,7,2007,TA,TA,Typ,Detchd,WD,133000
1408,8780,AllPub,1Story,5,5,1985,Ex,TA,Typ,NA,WD,112000
1409,7740,AllPub,2Story,4,7,1950,Gd,TA,Typ,Detchd,WD,125500
1410,20544,AllPub,2Story,7,6,1991,Gd,TA,Typ,Attchd,WD,215000
1411,12420,AllPub,2Story,7,5,2001,Ex,Gd,Typ,Attchd,WD,230000
1412,9600,AllPub,1.5Fin,6,8,2005,Ex,TA,Min2,Attchd,WD,140000
1413,7200,AllPub,1Story,4,5,1950,Fa,TA,Typ,Detchd,WD,90000
1414,10994,AllPub,1Story,8,5,2006,Ex,Gd,Typ,Attchd,COD,257000
1415,13053,AllPub,1.5Fin,6,7,2000,Gd,Gd,Typ,Detchd,WD,207000
1416,3635,AllPub,1Story,7,5,2007,Ex,Gd,Typ,Attchd,WD,175900
1417,11340,AllPub,2Story,4,6,1950,Gd,TA,Typ,Detchd,WD,122500
1418,16545,AllPub,2Story,8,5,1998,Ex,Gd,Typ,Attchd,WD,340000
1419,9204,AllPub,1Story,5,5,1963,TA,TA,Typ,Detchd,COD,124000
1420,16381,AllPub,1Story,6,5,1969,Gd,Gd,Typ,Attchd,WD,223000
1421,11700,AllPub,2Story,6,6,1968,Gd,TA,Typ,Attchd,WD,179900
1422,4043,AllPub,1Story,6,5,1977,TA,TA,Typ,Attchd,WD,127500
1423,4435,AllPub,1Story,6,5,2003,Ex,Gd,Typ,Attchd,WD,136500
1424,19690,AllPub,SLvl,6,7,1966,TA,Gd,Typ,Attchd,WD,274970
1425,9503,AllPub,1Story,5,5,1983,TA,TA,Min1,Detchd,WD,144000
1426,10721,AllPub,1Story,6,6,1959,Ex,Gd,Typ,Detchd,WD,142000
1427,10944,AllPub,2Story,7,5,1994,Ex,Gd,Typ,Attchd,WD,271000
1428,10930,AllPub,1.5Fin,5,6,1950,TA,TA,Typ,Attchd,WD,140000
1429,7200,AllPub,1Story,5,7,1992,TA,Gd,Typ,Attchd,WD,119000
1430,12546,AllPub,1Story,6,7,1981,Ex,Gd,Typ,Attchd,WD,182900
1431,21930,AllPub,2Story,5,5,2005,Ex,TA,Typ,BuiltIn,WD,192140
1432,4928,AllPub,1Story,6,6,1976,TA,TA,Typ,Attchd,WD,143750
1433,10800,AllPub,1Story,4,6,2007,TA,TA,Typ,Detchd,WD,64500
1434,10261,AllPub,2Story,6,5,2000,Ex,TA,Typ,Attchd,WD,186500
1435,17400,AllPub,1Story,5,5,1977,Fa,TA,Typ,Attchd,WD,160000
1436,8400,AllPub,1Story,6,9,2005,TA,Gd,Typ,Attchd,COD,174000
1437,9000,AllPub,1Story,4,6,1971,TA,TA,Typ,Detchd,WD,120500
1438,12444,AllPub,1Story,8,5,2008,Ex,Ex,Typ,Attchd,New,394617
1439,7407,AllPub,1Story,6,7,1996,TA,TA,Typ,Attchd,WD,149700
1440,11584,AllPub,SLvl,7,6,1979,TA,TA,Typ,Attchd,WD,197000
1441,11526,AllPub,2.5Fin,6,7,1994,Fa,TA,Min1,Detchd,WD,191000
1442,4426,AllPub,1Story,6,5,2004,Ex,Gd,Typ,Attchd,WD,149300
1443,11003,AllPub,2Story,10,5,2008,Ex,Ex,Typ,Attchd,WD,310000
1444,8854,AllPub,1.5Unf,6,6,1950,Fa,Fa,Typ,Detchd,WD,121000
1445,8500,AllPub,1Story,7,5,2004,Ex,Gd,Typ,Attchd,WD,179600
1446,8400,AllPub,SFoyer,6,5,1966,Gd,TA,Typ,Detchd,WD,129000
1447,26142,AllPub,1Story,5,7,1962,TA,TA,Typ,Attchd,WD,157900
1448,10000,AllPub,2Story,8,5,1996,Ex,Gd,Typ,Attchd,WD,240000
1449,11767,AllPub,2Story,4,7,2000,Gd,TA,Min2,Detchd,WD,112000
1450,1533,AllPub,SFoyer,5,7,1970,Ex,Ex,Typ,NA,WD,92000
1451,9000,AllPub,2Story,5,5,1974,TA,TA,Typ,NA,WD,136000
1452,9262,AllPub,1Story,8,5,2009,Ex,Ex,Typ,Attchd,New,287090
1453,3675,AllPub,SLvl,5,5,2005,Gd,TA,Typ,Basment,WD,145000
1454,17217,AllPub,1Story,5,5,2006,Ex,TA,Typ,NA,WD,84500
1455,7500,AllPub,1Story,7,5,2005,Ex,Gd,Typ,Attchd,WD,185000
1456,7917,AllPub,2Story,6,5,2000,Ex,TA,Typ,Attchd,WD,175000
1457,13175,AllPub,1Story,6,6,1988,TA,TA,Min1,Attchd,WD,210000
1458,9042,AllPub,2Story,7,9,2006,Ex,Gd,Typ,Attchd,WD,266500
1459,9717,AllPub,1Story,5,6,1996,Gd,Gd,Typ,Attchd,WD,142125
1460,9937,AllPub,1Story,5,6,1965,Gd,TA,Typ,Attchd,WD,147500
